Name,Preferred Position,Club,Age,Overall
L. Sackey,ST,Scunthorpe United,18,46
J. Young,ST,Swindon Town,17,46
F. Prohart,ST,Wolfsberger AC,18,47
R. White,ST,Bolton Wanderers,18,47
R. Roache,ST,Blackpool,17,48
M. Foy,ST,Cambridge United,18,48
S. McSweeney,ST,Limerick FC,19,49
M. Zettl,ST,SpVgg Unterhaching,18,50
A. Junge,ST,FC Helsingør,24,50
T. Knowles,ST,Cambridge United,18,50
N. Blasucci,ST,FC St. Gallen,17,50
G. Fasolo,ST,Cittadella,18,50
S. Nolan,ST,Bohemian FC,17,50
J. Johansson,ST,FC Nordsjælland,18,50
S. Kogut,ST,Termalica Bruk-Bet Nieciecza,20,50
A. Berisha,ST,Halmstads BK,19,50
A. Rose,ST,Grimsby Town,18,50
J. Aherne,ST,Bray Wanderers,18,50
A. Bruseth,ST,Kristiansund BK,18,50
E. Mason-Clark,ST,Barnet,17,50
L. Demaj,ST,SV Meppen,19,50
J. Gray,ST,Stevenage,19,50
M. Moric,ST,Newcastle Jets,17,50
J. McMenemy,ST,Lincoln City,18,50
H. Sharahili,ST,Al Batin,24,51
M. O'Connor,ST,Shamrock Rovers,18,51
A. Georgiou,ST,Stevenage,17,51
K. Weber,ST,Odense Boldklub,20,51
E. McCormack,ST,Galway United,22,51
R. Meshino,ST,Gamba Osaka,19,51
A. Gilchrist,ST,St. Johnstone FC,22,51
J. Dyche,ST,Scunthorpe United,19,51
M. Warming,ST,Brøndby IF,17,51
A. Nadesan,ST,Fleetwood Town,22,51
F. Roepstorff,ST,FC Helsingør,19,51
O. Dale,ST,Crewe Alexandra,18,51
J. Iaciofano,ST,Northampton Town,18,51
P. Camará,ST,Crawley Town,20,51
N. Gómez,ST,Deportivo Pasto,20,51
P. Almqvist,ST,IFK Norrköping,17,51
M. Penfold,ST,Peterborough United,18,52
R. Dingwall,ST,Ross County FC,20,52
G. Newell,ST,Motherwell,20,52
P. Waring,ST,Melbourne Victory,18,52
S. Passi,ST,,22,52
K. Ekman,ST,Jönköpings Södra IF,19,52
M. Jay,ST,Exeter City,21,52
C. Farren,ST,Derry City,18,52
E. Jakobsen,ST,Derby County,19,52
J. Barrigan,ST,Wigan Athletic,19,52
K. Velde,ST,FK Haugesund,17,52
M. Gillam,ST,Rochdale,18,52
C. McLennan,ST,Aberdeen,17,52
P. Sabbag,ST,Asociacion Deportivo Cali,20,52
K. Krygård,ST,FK Haugesund,17,53
Lee Jung Jin,ST,Gangwon FC,23,53
M. Al Maqadi,ST,Ettifaq FC,28,53
R. Webb-Foster,ST,Bradford City,19,53
A. Waagan,ST,Aalesunds FK,17,53
E. Gajko,ST,Jagiellonia Białystok,21,53
F. Sosa,ST,Temperley,17,53
H. Nilsen,ST,Sandefjord Fotball,18,53
T. Seferi,ST,BSC Young Boys,20,53
P. Schoch,ST,SpVgg Unterhaching,18,53
G. Morrison,ST,Ross County FC,19,53
C. Hall,ST,Bolton Wanderers,19,53
J. Knowles,ST,Perth Glory,20,53
T. Mannek,ST,SC Paderborn 07,20,53
S. Brady,ST,Brisbane Roar,21,53
C. Ellis,ST,Cork City,20,53
L. Pompilio,ST,Foggia,25,53
C. Saunders,ST,Notts County,21,53
W. Nowak,ST,Sandecja Nowy Sącz,18,53
J. Umerah,ST,Wycombe Wanderers,20,53
T. Blake,ST,Mansfield Town,19,53
C. Peters,ST,Walsall,18,53
B. Babic,ST,FC St. Gallen,19,53
A. Al Obud,ST,Ettifaq FC,22,53
K. Sterling,ST,Tottenham Hotspur,18,53
M. Doyle,ST,Drogheda United,18,53
R. Deakin,ST,Morecambe,20,53
A. Zeqiri,ST,FC Lausanne-Sports,18,53
J. Antwi-Nyame,ST,AFC Wimbledon,18,53
L. Krakowczyk,ST,Piast Gliwice,19,53
G. Foulon,ST,Valenciennes FC,18,53
O. Edlund,ST,Hammarby IF,17,53
H. Logan,ST,Milton Keynes Dons,18,53
M. Ramkilde,ST,Aalborg BK,19,53
H. Al Jasim,ST,Al Fateh,22,53
J. Margetts,ST,Scunthorpe United,23,54
S. Quigley,ST,Blackpool,24,54
M. Kennedy,ST,Charlton Athletic,20,54
R. Tierney,ST,Hamilton Academical FC,19,54
S. Boyd,ST,Shamrock Rovers,19,54
N. Dyachenko,ST,FC SKA-Energiya Khabarovsk,21,54
J. Capacho,ST,Atlético Bucaramanga,19,54
L. Pintor,ST,Stade Brestois 29,16,54
E. Botheim,ST,Rosenborg BK,17,54
I. Meite,ST,Crawley Town,20,54
I. Keita,ST,Finn Harps,21,54
A. Linnér,ST,AIK Solna,18,54
F. Al Harbi,ST,Al Raed,21,54
K. Metz,ST,Burnley,19,54
M. Al Johani,ST,Ohod Club,22,54
S. Donnelly,ST,Bohemian FC,24,54
J. Law,ST,Mansfield Town,18,54
F. Piszczek,ST,Sandecja Nowy Sącz,22,54
A. Zahui Bazoukou,ST,AFC Eskilstuna,21,54
L. Reynolds,ST,Newport County,21,54
F. Rodríguez Calleriza,ST,Sandefjord Fotball,21,54
I. Messaoud,ST,GFC Ajaccio,17,54
B. Lasme,ST,FC Sochaux-Montbéliard,18,54
A. Takagi,ST,Gamba Osaka,19,54
S. Cosgrove,ST,Carlisle United,20,54
A. Majok,ST,Western Sydney Wanderers,18,54
N. Leighton,ST,Millwall,18,54
C. Triana,ST,CD Once Caldas Manizales,20,54
O. Shaw,ST,Hibernian,19,54
D. Kurminowski,ST,Lech Poznań,18,54
S. Boyd,ST,Hamilton Academical FC,20,54
O. Zanzala,ST,Derby County,20,54
E. Sabbi,ST,Hobro IK,19,55
L. Ellington,ST,Bristol Rovers,18,55
N. Bustos,ST,Talleres de Cordoba,18,55
A. Pinga,ST,FC Sion,19,55
P. Vagic,ST,Malmö FF,17,55
S. Mullings,ST,Forest Green,23,55
K. Nissen,ST,Sogndal,19,55
T. Smith,ST,Sheffield United,18,55
W. Graham,ST,Kilmarnock,18,55
G. Koyalipou,ST,Chamois Niortais FC,17,55
O. Bugiel,ST,Forest Green,23,55
R. Bennett,ST,Carlisle United,26,55
I. Camara,ST,Avellino,24,55
S. Tigges,ST,VfL Osnabrück,18,55
A. Agouda,ST,Strømsgodset IF,18,55
A. Ramalingom,ST,AC Ajaccio,24,55
L. Rowe,ST,Barnsley,18,55
Herson Alves,ST,Brentford,20,55
M. Żebrakowski,ST,Arka Gdynia,20,55
B. Clayton,ST,Brentford,19,55
R. Balanta,ST,Alianza Petrolera,24,55
D. Mushitu,ST,AIK Solna,17,55
N. Hunziker,ST,FC Thun,21,55
N. Baden Frederiksen,ST,FC Nordsjælland,17,55
M. Karaahmet,ST,Karlsruher SC,17,55
P. Omombe,ST,Paris FC,22,55
J. Gordon,ST,Cheltenham Town,21,55
C. Senior,ST,Colchester United,20,55
K. Lynge,ST,Hobro IK,26,55
B. Crowley,ST,Melbourne City,20,55
M. Brændsrød,ST,Sogndal,21,55
A. Ammitzbøl,ST,Aarhus GF,18,55
A. Avdijaj,ST,Grasshopper Club Zürich,23,55
B. Hanlan,ST,Colchester United,20,55
T. Mauer,ST,FC Carl Zeiss Jena,20,55
A. Ba,ST,Southend United,19,55
I. Boye,ST,Örebro SK,20,55
A. Connolly,ST,Brighton & Hove Albion,17,55
S. Kenny,ST,Limerick FC,24,55
P. Cunningham,ST,Galway United,20,55
H. Cardwell,ST,Grimsby Town,20,55
C. Olesen,ST,SønderjyskE,21,55
S. Nombe,ST,Milton Keynes Dons,18,55
J. Nuttall,ST,Blackburn Rovers,20,55
K. Muskwe,ST,Rotherham United,19,55
S. Tuton,ST,Barnsley,26,55
J. Ponticelli,ST,Coventry City,18,55
T. Haraldsson,ST,Halmstads BK,20,55
M. Attiyah,ST,Ohod Club,25,55
M. Biamou,ST,Coventry City,26,55
B. Banda,ST,Finn Harps,19,55
C. Vernam,ST,Derby County,20,55
E. Pierce,ST,West Bromwich Albion,18,55
J. Lundberg,ST,Örebro SK,19,55
G. Rizzo,ST,FC Ingolstadt 04,20,56
G. Gerkondani,ST,Tromsø IL,19,56
B. Igiehon,ST,Sligo Rovers,23,56
C. Ogbene,ST,Limerick FC,20,56
Alan,ST,LASK Linz,20,56
C. Rojas,ST,Envigado FC,19,56
N. Batalla,ST,Corporación Club Deportivo Tuluá,19,56
A. De Oliveira Maia,ST,Valenciennes FC,19,56
T. Müsel,ST,1. FC Kaiserslautern,17,56
V. Kusej,ST,SG Dynamo Dresden,17,56
J. Dolný,ST,Derry City,25,56
J. McDonagh,ST,Sligo Rovers,21,56
P. Schmidt,ST,FC Admira Wacker Mödling,18,56
R. Mierez,ST,Club Atlético Tigre,20,56
C. Carletti,ST,Carpi,20,56
J. Soladio,ST,KV Mechelen,19,56
Y. Frick,ST,Perugia,19,56
M. Berisha,ST,LASK Linz,19,56
G. Pender,ST,Bray Wanderers,23,56
M. Volpe,ST,Frosinone,19,56
R. Velazco,ST,Real Salt Lake,24,56
F. Dietz,ST,FC Carl Zeiss Jena,18,56
S. Grønning,ST,Hobro IK,20,56
T. Elsebutangen,ST,Vålerenga Fotball,19,56
M. Jakoliš,ST,FC Admira Wacker Mödling,20,56
M. Candlin,ST,Walsall,17,56
R. Currie,ST,Heart of Midlothian,19,56
E. Ngassaki Ndongo,ST,Stade Brestois 29,20,56
J. Kaye,ST,ES Troyes AC,21,56
A. Reid,ST,FC Dallas,17,56
D. Breitfelder,ST,Chemnitzer FC,20,56
J. Edwards,ST,Accrington Stanley,20,56
M. Agaronyan,ST,FC SKA-Energiya Khabarovsk,18,56
F. Antúnez,ST,Temperley,18,56
C. Egbuchulam,ST,BK Häcken,25,56
K. Ichimi,ST,Gamba Osaka,19,56
F. Schubert,ST,SK Sturm Graz,22,56
G. Cundle,ST,Gillingham,20,56
M. Al Huthaifi,ST,Al Ittihad,19,56
K. Jackson,ST,Accrington Stanley,23,56
T. Attis,ST,Belgrano de Córdoba,17,56
M. Ludwig,ST,Hallescher FC,18,56
K. Oshima,ST,Kashiwa Reysol,21,56
D. Stückler,ST,FC Helsingør,20,56
A. Hlynsson,ST,Brøndby IF,17,57
N. Amamoo,ST,Karlsruher SC,19,57
Y. Horigome,ST,Ventforet Kofu,24,57
H. Garba,ST,Djurgårdens IF,23,57
E. Orona,ST,Pachuca,18,57
M. Cheukoua,ST,SCR Altach,20,57
A. Al Yahya,ST,Ohod Club,28,57
J. Valencia,ST,CD Los Millionarios Bogota,17,57
M. Stevens,ST,Peterborough United,19,57
A. Helmersen,ST,Rosenborg BK,19,57
H. Limb,ST,Burnley,17,57
R. Pyke,ST,Port Vale,19,57
M. Raguž,ST,LASK Linz,19,57
L. Hurtado,ST,Águilas Doradas,22,57
S. Kumagai,ST,Ventforet Kofu,20,57
N. Mortensen,ST,FC Helsingør,23,57
J. McKay,ST,Leeds United,20,57
F. El Bakhtaoui,ST,Dundee FC,24,57
A. Holst,ST,FC Helsingør,24,57
V. Mustafa,ST,1. FC Kaiserslautern,19,57
L. Lescano,ST,Chacarita Juniors,17,57
S. García,ST,Tigres FC,22,57
K. Mori,ST,Ventforet Kofu,20,57
C. Lang,ST,Morecambe,18,57
J. Kristoffersen,ST,Djurgårdens IF,20,57
O. Patrick,ST,Bradford City,21,57
M. Smolarczyk,ST,Korona Kielce,23,57
A. Sobczyk,ST,SKN St. Pölten,20,57
N. Maná,ST,San Martín de San Juan,23,57
K. Genaro,ST,Patriotas Boyacá FC,25,57
D. Ledecký,ST,Górnik Zabrze,23,57
M. Afaker,ST,Excelsior,18,57
T. Gran,ST,Lillestrøm SK,18,57
B. Bye,ST,Sogndal,27,57
H. Smith,ST,Swindon Town,22,57
B. Ashley-Seal,ST,Norwich City,18,57
S. Haugen,ST,Odds BK,19,57
D. López,ST,Club Tijuana,17,57
K. Wootton,ST,Stevenage,20,57
M. Jackson,ST,Newport County,26,57
C. Omeje,ST,AFC Eskilstuna,27,57
Dudu,ST,Kashiwa Reysol,21,57
T. Kishimoto,ST,Cerezo Osaka,19,57
C. Hendry,ST,St. Johnstone FC,19,57
S. Pedersen,ST,Stabæk Fotball,18,57
A. Maksimenko,ST,FC SKA-Energiya Khabarovsk,21,57
G. Shaw,ST,Shamrock Rovers,25,57
B. Dione,ST,Royal Excel Mouscron,20,57
S. Smith,ST,Reading,19,57
J. Balanta,ST,Asociacion Deportivo Cali,20,57
A. Samizadeh,ST,Kilmarnock,18,57
A. Fletcher,ST,Plymouth Argyle,18,57
V. Vujinovic,ST,Karlsruher SC,18,57
N. D'Agostino,ST,Brisbane Roar,19,57
N. Depuy,ST,Montreal Impact,22,57
S. Lomónaco,ST,Arsenal de Sarandí,18,57
A. Peñaranda,ST,Corporación Club Deportivo Tuluá,23,57
J. Earl,ST,Preston North End,18,57
C. Miller,ST,Celtic,19,57
L. Nash,ST,Gillingham,21,57
A. Beestin,ST,Doncaster Rovers,19,57
Z. Faour,ST,IK Sirius,19,57
D. Wilson,ST,Wolverhampton Wanderers,20,57
Jong Il Gwan,ST,FC Luzern,24,57
Kim Dong Gi,ST,Pohang Steelers,28,57
M. Kremer,ST,SV Meppen,27,58
S. Alexandersson,ST,AFC Eskilstuna,24,58
K. Goba,ST,La Berrichonne de Châteauroux,29,58
C. Kouamé,ST,Cittadella,19,58
Gabriel Rodrigues,ST,Ventforet Kofu,21,58
B. Kavlak,ST,Evkur Yeni Malatyaspor,20,58
C. O'Connor,ST,Bohemian FC,20,58
D. Reiter,ST,LASK Linz,19,58
M. Tissera,ST,Newell's Old Boys,20,58
I. Sangaré,ST,AJ Auxerre,23,58
J. Roberts,ST,Oxford United,21,58
R. de la Rosa,ST,Pachuca,17,58
C. Manicone,ST,FC Lugano,19,58
J. Osabutey,ST,Werder Bremen II,18,58
A. Llovet,ST,Montpellier Hérault SC,19,58
R. Simpson,ST,Exeter City,32,58
Lee Joong Seo,ST,GwangJu FC,22,58
K. Majić,ST,Fortuna Düsseldorf,19,58
M. Barnes,ST,Southampton,20,58
Toni Gomes,ST,Forest Green,18,58
Kim Sung Ju,ST,Jeonnam Dragons,18,58
R. Hack,ST,TSG 1899 Hoffenheim,18,58
J. Simonsen,ST,SønderjyskE,21,58
C. Velásquez,ST,Jaguares Fútbol Club,31,58
S. Mauritz-Hansen,ST,Stabæk Fotball,22,58
D. Telford,ST,Bristol Rovers,20,58
H. Bandé,ST,KV Mechelen,18,58
A. Jawo,ST,Djurgårdens IF,32,58
K. Ogawa,ST,Júbilo Iwata,19,58
O. Zubkov,ST,Shakhtar Donetsk,20,58
J. O'Hanlon,ST,St. Patrick's Athletic,21,58
A. Akhyadov,ST,Terek Grozny,23,58
J. O'Flynn,ST,Limerick FC,33,58
M. Eisa,ST,Cheltenham Town,22,58
M. Døhr Thychosen,ST,AC Horsens,20,58
A. Muskwe,ST,Leicester City,18,58
E. Bostancı,ST,Willem II,21,58
E. Håland,ST,Molde FK,16,58
S. Otayf,ST,Al Raed,26,58
J. Cisotti,ST,La Spezia,24,58
B. Biabi,ST,Hamilton Academical FC,21,58
C. Furlong,ST,Milton Keynes Dons,19,58
Raul Asencio,ST,Avellino,19,58
A. Al Megbas,ST,Al Shabab,21,58
M. Mølvadgaard,ST,Randers FC,17,58
D. Tarpey,ST,Barnet,28,58
B. Spencer,ST,Toronto FC,22,58
Y. Mabella,ST,La Berrichonne de Châteauroux,21,58
O. Palmer,ST,Lincoln City,25,58
M. Sevimler,ST,Alanyaspor,18,58
N. Ennis,ST,Shrewsbury,18,58
C. Stark,ST,Hamburger SV,19,58
J. Romero,ST,Atlético Tucumán,16,58
P. Amond,ST,Newport County,29,58
M. Abundiz,ST,Deportivo Toluca,21,59
M. De Luca,ST,Torino,18,59
A. Grbic,ST,SCR Altach,20,59
J. Carranza,ST,Banfield,17,59
K. Kinoshita,ST,Halmstads BK,22,59
C. Deprès,ST,Nîmes Olympique,22,59
S. Matic,ST,AFC Eskilstuna,23,59
I. Ugbo,ST,Barnsley,18,59
P. Dzalto,ST, SSV Jahn Regensburg,20,59
V. Faherty,ST,Sligo Rovers,30,59
O. Sowunmi,ST,Yeovil Town,21,59
A. Arce,ST,U.N.A.M.,20,59
S. Shimizu,ST,Omiya Ardija,24,59
R. Kristo,ST,VfL Osnabrück,24,59
G. Gentile,ST,Temperley,22,59
A. Scherbakov,ST,FC Ural,19,59
E. Stokes,ST,Leeds United,21,59
A. Guliev,ST,FC Ural,21,59
Sergio Benito,ST,Rayo Vallecano,18,59
S. Surridge,ST,Yeovil Town,18,59
K. Tagawa,ST,Sagan Tosu,18,59
D. Ladan,ST,ADO Den Haag,17,59
T. Heardman,ST,Bury,21,59
B. Gschweidl,ST,Wolfsberger AC,21,59
S. Elliott,ST,Drogheda United,33,59
E. Sánchez,ST,Pachuca,17,59
K. Ikeda,ST,Sagan Tosu,30,59
J. Cortés,ST,Atlético Bucaramanga,22,59
R. Marín,ST,Club América,19,59
S. Pispas,ST,Panathinaikos FC,19,59
M. Slavov,ST,Chemnitzer FC,26,59
N. Kabamba,ST,Colchester United,24,59
A. May,ST,Doncaster Rovers,23,59
H. Lorentzen,ST,Sandefjord Fotball,19,59
F. Álvarez,ST,Atlético Tucumán,24,59
M. Skenderović,ST,TSG 1899 Hoffenheim,19,59
E. Nketiah,ST,Arsenal,18,59
J. Ayunga,ST,Galway United,20,59
P. Skapetis,ST,Brisbane Roar,22,59
C. Guanca,ST,Colon de Santa Fe,24,59
C. Calvert,ST,Colorado Rapids,20,59
A. Williams,ST,Newport County,23,59
C. Main,ST,Portsmouth,25,59
J. Shaibu,ST,Brentford,19,59
R. Sawakami,ST,Cerezo Osaka,23,59
J. Macías,ST,Guadalajara,17,59
R. Wolsztyński,ST,Górnik Zabrze,22,59
A. Nkosi,ST,Orlando Pirates,24,59
S. Humphrys,ST,Fulham,19,59
A. Vlachomitros,ST,AEK Athens,19,59
M. Eid,ST,Kalmar FF,24,59
J. Godínez,ST,Guadalajara,20,59
J. Green,ST,Yeovil Town,22,59
B. Varga,ST,SV Mattersburg,23,59
A. Pululu,ST,FC Basel,18,59
D. Osei,ST,Oldham Athletic,19,59
B. Wright,ST,New England Revolution,22,59
C. Iwasa,ST,Sporting Kansas City,23,59
S. Al Mutairi,ST,Al Batin,29,59
E. Ayala,ST,Pachuca,21,59
S. Hirayama,ST,Vegalta Sendai,32,59
J. Wright,ST,Sheffield United,20,59
L. Scott,ST,Western Sydney Wanderers,20,59
I. Akinade,ST,Bohemian FC,23,59
R. Dadashov,ST,Eintracht Frankfurt,18,59
V. Henry,ST,Stade Brestois 29,23,59
M. Górski,ST,Korona Kielce,27,59
M. Entrup,ST,SKN St. Pölten,19,59
A. Kadyrov,ST,Terek Grozny,20,59
H. Hyseni,ST,SV Meppen,24,59
J. Schneider,ST,FC St. Pauli,23,59
K. Davis,ST,Aston Villa,19,60
A. Sarr,ST,Bourg en Bresse Péronnas 01,26,60
J. Nanizayamo,ST,Gangwon FC,26,60
L. Angol,ST,Mansfield Town,22,60
M. López,ST,Banfield,19,60
L. Vila,ST,Bahía Blanca,25,60
O. Olomola,ST,Yeovil Town,19,60
K. Touré,ST,Royal Antwerp FC,23,60
A. Forrester,ST,Port Vale,23,60
A. Galadzhan,ST,Lokomotiv Moscow,19,60
F. Hinds,ST,Cheltenham Town,18,60
E. Mour Samb,ST,Tromsø IL,23,60
L. Passerini,ST,Club Atlético Tigre,22,60
M. Patterson,ST,Ipswich Town,20,60
G. Luer,ST,Hull City,22,60
D. Newton,ST,Stevenage,26,60
M. Evouna,ST,Atiker Konyaspor,24,60
C. Ndiaye,ST,Waasland-Beveren,21,60
F. Hollinger-Janzen,ST,New England Revolution,23,60
O. Camilo,ST,Corporación Club Deportivo Tuluá,22,60
S. Vernon,ST,Grimsby Town,33,60
D. Johnstone,ST,St. Johnstone FC,22,60
R. Armand,ST,GFC Ajaccio,30,60
Park Jung Ho,ST,Jeonbuk Hyundai Motors,20,60
C. Villagra,ST,Banfield,21,60
J. Calero,ST,Pachuca,18,60
Na Sang Ho,ST,GwangJu FC,20,60
H. Watson,ST,Wellington Phoenix,24,60
L. Mandeville,ST,Doncaster Rovers,20,60
A. La Gumina,ST,Palermo,21,60
L. Sinisterra,ST,CD Once Caldas Manizales,18,60
C. Sánchez,ST,Talleres de Cordoba,18,60
R. Bowman,ST,Motherwell,25,60
A. Jung,ST,Stade de Reims,19,60
M. Mitrović,ST,SønderjyskE,25,60
R. Sprangers,ST,NAC Breda,19,60
V. Sköld,ST,Örebro SK,27,60
Junior Messias,ST,Vercelli,26,60
M. Chouiar,ST,RC Lens,18,60
M. Peralta,ST,Atlético Tucumán,20,60
N. Obolskiy,ST,Dinamo Moscow,20,60
Allef,ST,Vitória Setúbal,22,60
P. Daka,ST,FC Red Bull Salzburg,18,60
S. Ito,ST,Yokohama F. Marinos,28,60
D. Ferfelis,ST,FSV Zwickau,24,60
C. Jahraldo-Martin,ST,Newport County,24,60
J. Bingham,ST,Central Coast Mariners,22,60
B. Allen,ST,Minnesota Thunder,23,60
Sillero,ST,Córdoba CF,21,60
Leonardo Rocha,ST,CD Leganés,19,60
G. Clemens,ST,Lobos de la BUAP,28,60
S. Harrison,ST,Tottenham Hotspur,19,60
T. Uzan,ST,Rot-Weiß Erfurt,23,60
Víctor Narro,ST,Villarreal CF,18,60
M. Folivi,ST,Watford,19,60
D. Brewster,ST,Chesterfield,19,60
C. Doidge,ST,Forest Green,24,60
Yoon Dong Min,ST,Sangju Sangmu FC,28,60
A. Amadi-Holloway,ST,Oldham Athletic,24,60
M. Mandron,ST,Colchester United,22,60
U. Tavares,ST,Patriotas Boyacá FC,24,60
M. Richter,ST,FC Augsburg,19,60
G. Miller,ST,Middlesbrough,18,60
A. Badji,ST,Djurgårdens IF,19,60
A. Asante,ST,Grimsby Town,24,60
Joel Arimany,ST,Málaga CF,19,60
S. Moussa,ST,Dundee FC,29,60
L. Vido,ST,Atalanta,20,60
L. Mesa,ST,Argentinos Juniors,20,60
R. Murray,ST,Galway United,25,60
S. McCartan,ST,Bradford City,23,60
S. McCoulsky,ST,Newport County,20,60
U. Sen,ST,Holstein Kiel,19,60
D. Corcoran,ST,Bohemian FC,28,60
Darío Poveda,ST,Villarreal CF,20,60
M. Sylla,ST,AS Monaco,17,60
F. Diabaté,ST,GFC Ajaccio,21,60
M. Bringaker,ST,Viking FK,20,60
G. Zecca,ST,Cremonese,19,60
L. Norris,ST,Swindon Town,24,60
R. Al Shammari,ST,Al Shabab,20,60
W. de la Rosa,ST,Deportivo Pasto,24,60
J. Pohl,ST,Aalborg BK,21,60
J. Maja,ST,Sunderland,18,60
A. Evans,ST,Everton,18,60
G. Guessan,ST,Viking FK,24,60
R. Patterson,ST,Derry City,32,60
A. Köse,ST,Fenerbahçe SK,20,60
K. Angielski,ST,Piast Gliwice,21,60
R. Moon,ST,Kaizer Chiefs,20,60
H. Goya,ST,Gamba Osaka,23,60
D. Vanzeir,ST,KRC Genk,19,60
S. Demhasaj,ST,FC Luzern,21,61
J. Sinclair,ST,Watford,20,61
Rômulo,ST,Hammarby IF,25,61
I. Chaïbi,ST,AS Monaco,20,61
M. Herrmann,ST,FC Helsingør,20,61
J. Lewis,ST,New York City Football Club,20,61
L. Tankulic,ST,Sportfreunde Lotte,26,61
T. Robinson,ST,Southend United,28,61
L. Mothiba,ST,Valenciennes FC,21,61
A. Sikoev,ST,Arsenal Tula,22,61
K. Zohi,ST,RC Strasbourg,20,61
N. Kühn,ST,RB Leipzig,17,61
M. Suleymanov,ST,FC Krasnodar,17,61
F. Lenci,ST,Argentinos Juniors,33,61
J. Stockley,ST,Exeter City,23,61
B. Moussiti-oko,ST,Le Havre AC,22,61
D. Wright,ST,Cheltenham Town,32,61
M. Smith,ST,Bury,25,61
K. Saito,ST,Júbilo Iwata,28,61
A. Fontana,ST,Banfield,21,61
Y. Mamilonne,ST,US Quevilly-Rouen,25,61
Y. Segawa,ST,Omiya Ardija,23,61
E. Demirović,ST,Deportivo Alavés,19,61
E. Letlotlo,ST,Kaizer Chiefs,21,61
A. Gilliead,ST,Bradford City,21,61
P. Tietz,ST,Eintracht Braunschweig,19,61
J. Hiwula,ST,Fleetwood Town,22,61
D. Okereke,ST,La Spezia,19,61
M. Ramsland,ST,Sogndal,24,61
Kim Jong Min,ST,Suwon Samsung Bluewings,24,61
E. Huth,ST,Rot-Weiß Erfurt,20,61
Roni,ST,Real Oviedo,23,61
E. Eze,ST,SK Sturm Graz,20,61
R. Singh,ST,,27,61
J. Porsan-Clemente,ST,Montpellier Hérault SC,19,61
K. Huisman,ST,Heracles Almelo,22,61
S. Stolze,ST, SSV Jahn Regensburg,22,61
R. Hardie,ST,Rangers,20,61
A. Björkebaum,ST,IK Sirius,29,61
T. Vestenický,ST,Cracovia,21,61
K. Świderski,ST,Jagiellonia Białystok,20,61
G. Álvarez,ST,,25,61
A. Montalto,ST,Ternana,29,61
D. Ceter,ST,Independiente Santa Fe,19,61
J. Tell,ST,Stade Rennais FC,20,61
E. Rueda,ST,Argentinos Juniors,21,61
R. Hepburn-Murphy,ST,Aston Villa,18,61
S. Sow,ST,FC Utrecht,20,61
R. Migone,ST,Club Atlético Patronato,21,61
G. Gori,ST,Fiorentina,18,61
J. Ebobisse,ST,Portland Timbers,20,61
Q. N'Gakoutou,ST,AS Monaco,23,61
J. Dibirgadzhiev,ST,FC Anzhi Makhachkala,20,61
C. Stockton,ST,Heart of Midlothian,23,61
F. Al Johani,ST,Al Qadisiyah,25,61
I. Bah,ST,KV Oostende,18,61
T. Conechny,ST,San Lorenzo de Almagro,19,61
P. Wilson,ST,GIF Sundsvall,20,61
S. Otsuki,ST,Vissel Kobe,28,61
T. Figueroa,ST,Belgrano de Córdoba,25,61
M. Al Bishi,ST,Al Fayha,29,61
L. Walters,ST,Nottingham Forest,22,61
I. Ganago,ST,OGC Nice,18,61
O. Hawkins,ST,Portsmouth,25,61
L. Contin,ST,Gimnasia y Esgrima La Plata,21,61
G. Malcore,ST,Carpi,23,61
D. Srbeny,ST,SC Paderborn 07,23,61
A. Plumain,ST,US Quevilly-Rouen,22,61
D. Redmond,ST,Scunthorpe United,20,61
R. Siemaszko,ST,Arka Gdynia,30,61
T. Heintz,ST,Sarpsborg 08 FF,18,61
H. Johansen,ST,Vålerenga Fotball,24,61
M. Palacios,ST,Alianza Petrolera,24,61
M. Lovera,ST,Rosario Central,18,61
P. Hamel,ST,FC Lorient,23,61
Carlos Daniel,ST,CS Marítimo,22,61
P. Garita,ST,Bristol City,22,61
Y. Çoban,ST,Alanyaspor,20,61
H. Wright,ST,SV Sandhausen,19,61
Dani Iglesias,ST,Deportivo Alavés,21,61
L. Amarilla,ST,Vélez Sarsfield,21,61
T. Sandoval,ST,Colon de Santa Fe,18,61
S. Nimely,ST,Spartak Moscow,18,61
M. Cullen,ST,Blackpool,25,61
R. Espejord,ST,Tromsø IL,21,61
A. Smith,ST,Notts County,36,61
Juan Delgado,ST,Levante UD,23,61
A. Onaiwu,ST,Urawa Red Diamonds,21,61
A. Fisher,ST,Motherwell,27,61
Tamayo,ST,Getafe CF,22,61
J. Fierro,ST,,29,61
M. Abu Shararah,ST,Al Qadisiyah,26,61
M. Storey,ST,Partick Thistle F.C.,23,61
M. Al Saiari,ST,Ettifaq FC,24,61
J. Thompson,ST,Rochdale,28,61
Roberto Núñez,ST,Royal Antwerp FC,21,61
F. Barceló,ST,San Martín de San Juan,24,61
G. Martin,ST,Sporting Lokeren,26,61
J. Ngoy,ST,Stoke City,19,61
Toni Martínez,ST,West Ham United,20,62
M. Gómez,ST,Envigado FC,20,62
F. Wagner,ST,FSV Zwickau,19,62
T. Väyrynen,ST,Hansa Rostock,24,62
C. Djim,ST,Roda JC Kerkrade,22,62
H. Barry,ST,Orlando City Soccer Club,24,62
L. Doumbouya,ST,SKN St. Pölten,26,62
F. Ladapo,ST,Crystal Palace,24,62
L. Kryger,ST,AC Horsens,34,62
M. Piątkowski,ST,Wisła Płock,32,62
J. Villalba,ST,Borussia Mönchengladbach,18,62
S. Ibrahim,ST,FK Haugesund,20,62
S. Jovanović,ST,Córdoba CF,25,62
T. Eaves,ST,Gillingham,25,62
Erik Expósito,ST,UD Las Palmas,21,62
J. Mlakar,ST,F.B.C. Unione Venezia,18,62
G. Hirst,ST,Sheffield Wednesday,18,62
Moha,ST,Cádiz C.F.,22,62
J. Báez,ST,Pescara,22,62
R. Contreras,ST,Arsenal de Sarandí,21,62
D. Holman,ST,Cheltenham Town,27,62
M. Nzola,ST,Carpi,20,62
Gerardo Jiménez,ST,Envigado FC,29,62
Bae Cheon Seok,ST,Jeonnam Dragons,27,62
R. Healey,ST,Cardiff City,22,62
A. Nabi,ST,Peterborough United,23,62
B. Rubio,ST,Tigres U.A.N.L.,20,62
A. Tveter,ST,Halmstads BK,26,62
D. Orgill,ST,Wolfsberger AC,27,62
J. Spencer,ST,Mansfield Town,25,62
C. Ngu'Ewodo,ST,Hansa Rostock,21,62
S. Vuk,ST,Tromsø IL,27,62
A. Kawamoto,ST,Ventforet Kofu,27,62
M. Dembélé,ST,AS Nancy Lorraine,20,62
D. Faupala,ST,Manchester City,20,62
F. Mussa,ST,CD Tenerife,21,62
P. Hellquist,ST,Kalmar FF,26,62
N. Hunt,ST,Wigan Athletic,34,62
J. Stead,ST,Notts County,34,62
D. Caddy,ST,US Quevilly-Rouen,22,62
D. Opazo,ST,Newell's Old Boys,20,62
S. Odelusi,ST,Colchester United,24,62
Steven Prieto,ST,Real Oviedo,19,62
M. Heider,ST,VfL Osnabrück,31,62
A. Pinamonti,ST,Inter,18,62
Arribas,ST,AD Alcorcón,18,62
C. Porter,ST,Crewe Alexandra,33,62
J. Marriott,ST,Peterborough United,22,62
T. Walker,ST,Nottingham Forest,20,62
E. Apeh,ST,Lorca Deportiva CF,20,62
M. Boulahia,ST,Atlético Madrid,20,62
W. Louisy-Daniel,ST,Bourg en Bresse Péronnas 01,31,62
C. Duffus,ST,Oldham Athletic,21,62
S. Blancas,ST,Tigres FC,29,62
T. Verheydt,ST,Crawley Town,25,62
E. Soleri,ST,La Spezia,19,62
J. Quigley,ST,Newport County,20,62
S. Al Shehri,ST,Al Raed,23,62
S. Schimmer,ST,SpVgg Unterhaching,23,62
A. Polidori,ST,Vercelli,25,62
M. Pink,ST,SV Mattersburg,26,62
D. Vente,ST,Feyenoord,18,62
O. Karlsson,ST,Molde FK,20,62
M. Simon,ST,Sydney FC,31,62
P. Magnín,ST,San Martín de San Juan,27,62
F. Olsson,ST,Jönköpings Södra IF,32,62
M. Diallo,ST,KAS Eupen,26,62
G. Cummins,ST,St. Johnstone FC,29,62
A. Lassiter,ST,LA Galaxy,22,62
J. Cook,ST,Luton Town,27,62
R. Brunt,ST,Exeter City,24,62
Lee Hyo Gyun,ST,Incheon United FC,29,62
F. Vietto,ST,Racing Club de Avellaneda,19,62
J. Matt,ST,Grimsby Town,27,62
N. Venema,ST,FC Utrecht,18,62
J. Yates,ST,Rotherham United,20,62
K. Sigurðsson,ST,GIF Sundsvall,25,62
E. Gliozzi,ST,Cesena,21,62
N. Blissett,ST,Plymouth Argyle,27,62
D. Widemann,ST,1. FC Heidenheim,20,62
D. Philliskirk,ST,Blackpool,26,62
R. Palermo,ST,Arsenal de Sarandí,20,62
N. Julan,ST,Le Havre AC,20,62
M. Torres,ST,Talleres de Cordoba,19,62
T. Mikkelsen,ST,Ross County FC,27,62
Y. Minagawa,ST,Sanfrecce Hiroshima,25,62
J. Mateta,ST,Le Havre AC,20,62
S. Murray,ST,Hibernian,25,62
F. Núñez,ST,Godoy Cruz,21,62
T. Hopper,ST,Scunthorpe United,23,62
Jeon Hyeon Chul,ST,Daegu FC,26,62
M. Bundu,ST,Aarhus GF,20,62
F. Falcone,ST,CD Aves,27,62
A. Dávila,ST,Real Sociedad,18,62
Y. Njie,ST,Boavista FC,23,62
K. Kitagawa,ST,Shimizu S-Pulse,20,62
Kim Dae Won,ST,Daegu FC,20,63
C. González,ST,Club León,25,63
M. Owusu,ST,Hansa Rostock,22,63
D. Arshakyan,ST,Chicago Fire Soccer Club,22,63
O. Zawada,ST,Karlsruher SC,21,63
M. Romero,ST,Vélez Sarsfield,18,63
W. Tchuameni,ST,SønderjyskE,20,63
J. Ibehre,ST,Cambridge United,34,63
F. Eisele,ST,FSV Zwickau,22,63
M. Topčagić,ST,Wolfsberger AC,29,63
Jo Ju Young,ST,GwangJu FC,23,63
M. Vatsadze,ST,Silkeborg IF,28,63
J. Arp,ST,Hamburger SV,17,63
J. Asoro,ST,Sunderland,18,63
G. Ugwu,ST,Chesterfield,24,63
L. Ajorque,ST,Clermont Foot 63,23,63
B. Fernández,ST,Corporación Club Deportivo Tuluá,25,63
Y. Mbombo,ST,Royal Excel Mouscron,23,63
A. Leitch-Smith,ST,Dundee FC,27,63
L. James,ST,Forest Green,22,63
P. Safranko,ST,Aalborg BK,22,63
E. Doyle,ST,Oldham Athletic,29,63
J. Aigner,ST,SCR Altach,36,63
K. Guthrie,ST,Colchester United,24,63
J. Hanson,ST,Sheffield United,29,63
K. van der Biezen,ST,SC Paderborn 07,31,63
I. Hagi,ST,Fiorentina,18,63
T. Amang,ST,Molde FK,19,63
T. Barnett,ST,Port Vale,31,63
E. Strahman,ST,Bahía Blanca,28,63
M. Korzym,ST,Sandecja Nowy Sącz,29,63
M. Tchokounté,ST,Paris FC,28,63
O. Mannéh,ST,Werder Bremen II,20,63
S. Prokofyev,ST,Amkar Perm,30,63
Q. Depehi,ST,En Avant de Guingamp,20,63
K. Vassell,ST,Blackpool,24,63
B. Stokke,ST,Kristiansund BK,26,63
H. Al Ghaddioui,ST,Sportfreunde Lotte,26,63
M. Léris,ST,Chievo Verona,19,63
M. Godden,ST,Stevenage,25,63
D. Chima Chukwu,ST,Legia Warszawa,26,63
E. Harrison,ST,Bristol Rovers,23,63
Pedro Neto,ST,Lazio,17,63
Escriche,ST,CD Lugo,19,63
M. Haber,ST,Dundee FC,28,63
J. Vancamp,ST,Roda JC Kerkrade,18,63
M. Lebedyński,ST,Wisła Płock,26,63
L. Jallow,ST,Cesena,22,63
D. Skhirtladze,ST,Silkeborg IF,24,63
P. Cappelluzzo,ST,Pescara,21,63
B. Miranda,ST,D.C. United,19,63
O. Ademi,ST,Würzburger FV,25,63
C. Harold,ST,Perth Glory,24,63
P. Slišković,ST,Hallescher FC,26,63
T. Agdestein,ST,Odds BK,25,63
A. Kaluđerović,ST,Wellington Phoenix,29,63
M. Quiroga,ST,Argentinos Juniors,27,63
E. Umeres,ST,Estudiantes de La Plata,21,63
C. Wyke,ST,Bradford City,24,63
G. Nilsson,ST,Silkeborg IF,20,63
A. Claude-Maurice,ST,FC Lorient,19,63
Mario González,ST,Villarreal CF,21,63
U. Bozok,ST,Nîmes Olympique,20,63
L. McAlinden,ST,Exeter City,23,63
J. Cádiz,ST,Moreirense FC,21,63
R. Lowe,ST,Bury,38,63
D. Bamba,ST,Kristiansund BK,22,63
M. Guezoui,ST,Valenciennes FC,28,63
P. Forsell,ST,Örebro SK,26,63
O. Tounkara,ST,La Berrichonne de Châteauroux,27,63
C. Gameiro,ST,Brisbane Roar,24,63
K. Nsor,ST,Moreirense FC,24,63
K. Shelton,ST,New York City Football Club,24,63
G. Thomas,ST,Leicester City,20,63
T. Warschewski,ST,SC Preußen Münster,19,63
J. McBean,ST,LA Galaxy,22,63
W. Kanga,ST,Angers SCO,19,63
N. Kacharava,ST,Korona Kielce,23,63
F. Coniglio,ST,Club Atlético Huracán,25,63
L. Díaz,ST,Tiburones Rojos de Veracruz,25,63
S. Almirón,ST,Atlético Huila,31,63
P. Cowan-Hall,ST,Wycombe Wanderers,26,63
S. McTominay,ST,Manchester United,20,63
S. Miller,ST,Carlisle United,29,63
Sergio Sánchez,ST,SD Huesca,21,63
J. Oosterwijk,ST,FC Twente,22,63
S. Smeltz,ST,,35,63
I. Niane,ST,FC Metz,18,63
O. McBurnie,ST,Swansea City,21,63
C. Wilkinson,ST,Gillingham,22,63
M. Tumminello,ST,Crotone,18,63
G. Del Castillo,ST,Arsenal de Sarandí,20,63
J. Lloreda,ST,Deportes Tolima,22,63
N. Balogh,ST,Palermo,21,63
M. Green,ST,Lincoln City,30,63
R. Seager,ST,Milton Keynes Dons,21,63
Y. Teijsse,ST,Dundee FC,24,63
K. Dennis,ST,Chesterfield,27,63
J. Schwadorf,ST,SV Wehen Wiesbaden,24,63
B. Graham,ST,Cheltenham Town,29,63
J. Romil,ST,Valenciennes FC,22,63
P. Dolgov,ST,FC Anzhi Makhachkala,20,63
G. Perrin,ST,US Orléans Loiret Football,21,63
S. Adamyan,ST, SSV Jahn Regensburg,24,63
F. Bonazzoli,ST,Ferrara (SPAL),20,63
C. Mackail-Smith,ST,Wycombe Wanderers,33,63
S. Sakala,ST,Al Fateh,20,63
L. John-Lewis,ST,Shrewsbury,28,63
I. Shekiladze,ST,La Spezia,24,63
G. Müller,ST,1. FC Magdeburg,33,63
Barbosa,ST,Ferrara (SPAL),18,63
A. Gnanduillet,ST,Blackpool,25,63
D. Wheeler,ST,Queens Park Rangers,26,64
Claudio,ST,Real Sporting de Gijón,23,64
F. Pick,ST,1. FC Magdeburg,21,64
M. Kean,ST,Hellas Verona,17,64
T. Awoniyi,ST,Royal Excel Mouscron,19,64
R. Koryan,ST,FC SKA-Energiya Khabarovsk,29,64
N. Messiniti,ST,San Martín de San Juan,21,64
Douglas Tanque,ST,Albirex Niigata,23,64
M. Benítez,ST,Guadalajara,21,64
M. Janzer,ST,Holstein Kiel,25,64
M. Tall,ST,Tours FC,21,64
O. Jallow,ST,HJK Helsinki,28,64
C. Davies,ST,Oldham Athletic,31,64
A. Sevinç,ST,Trabzonspor,18,64
K. Junker,ST,Aarhus GF,23,64
J. Clarke-Harris,ST,Rotherham United,22,64
P. Etshimi,ST,Paris FC,28,64
C. Peralta,ST,La Equidad,27,64
M. George,ST,Lyngby BK,23,64
J. Bowen,ST,Hull City,20,64
A. Gouiri,ST,Olympique Lyonnais,17,64
D. Sorgić,ST,FC Thun,27,64
G. Massey,ST,Wigan Athletic,24,64
J. Lescano,ST,FC Anzhi Makhachkala,24,64
P. Pogrebnyak,ST,Dinamo Moscow,33,64
T. Obadeyi,ST,Oldham Athletic,27,64
Adão Renteira,ST,Vitória ,25,64
A. Mabil,ST,FC Paços de Ferreira,21,64
C. Togashi,ST,Yokohama F. Marinos,23,64
P. Engblom,ST,Strømsgodset IF,25,64
L. Ralte,ST,,24,64
S. Thioub,ST,Nîmes Olympique,22,64
R. Steer,ST,Jaguares Fútbol Club,35,64
J. Arias,ST,Talleres de Cordoba,24,64
J. Düker,ST,1. FC Magdeburg,21,64
J. Akinde,ST,Barnet,27,64
A. Piu,ST,Empoli,20,64
S. Silva,ST,CD America de Cali,26,64
M. Bakenga,ST,Tromsø IL,24,64
B. Rosinger,ST,Sportfreunde Lotte,27,64
L. Memela,ST,Orlando Pirates,29,64
F. Onyedinma,ST,Millwall,20,64
J. Núñez,ST,Deportivo Pasto,31,64
F. Nicastro,ST,Foggia,25,64
S. Ameobi,ST,Notts County,35,64
M. Ziemer,ST,Hansa Rostock,31,64
I. Vassell,ST,Birmingham City,23,64
A. Escoto,ST,Lobos de la BUAP,24,64
T. Tomiyama,ST,Albirex Niigata,26,64
Luís Leal,ST,Newell's Old Boys,30,64
C. Bieber,ST,Rot-Weiß Erfurt,27,64
P. Prosenik,ST,SK Rapid Wien,24,64
Song Seung Min,ST,GwangJu FC,25,64
J. Bowery,ST,Crewe Alexandra,25,64
A. Seydel,ST,Holstein Kiel,21,64
C. Morra,ST,Vercelli,22,64
R. Mmaee,ST,Waasland-Beveren,20,64
J. McInerney,ST,LA Galaxy,24,64
A. Wilbraham,ST,Bolton Wanderers,37,64
P. Tuszyński,ST,Zagłębie Lubin,27,64
Pak Kwang Ryong,ST,SKN St. Pölten,24,64
A. Gero,ST,Östersunds FK,23,64
J. Sylvestr,ST,Aalborg BK,28,64
M. Boyle,ST,Hibernian,24,64
T. Thiele,ST,FC Carl Zeiss Jena,25,64
D. Agyei,ST,Walsall,20,64
C. Nwakali,ST,Sogndal,20,64
A. Akinfenwa,ST,Wycombe Wanderers,35,64
M. Quiroga,ST,Club Atlético Patronato,31,64
J. Mehl,ST,AC Horsens,30,64
L. Hallenius,ST,GIF Sundsvall,28,64
M. Königs,ST,Würzburger FV,27,64
U. Ikpeazu,ST,Cambridge United,22,64
T. Zhamaletdinov,ST,CSKA Moscow,20,64
L. Chacana,ST,Club Atlético Tigre,24,64
K. Achahbar,ST,En Avant de Guingamp,21,64
Cho Dong Gun,ST,Sagan Tosu,31,64
A. Bakayoko,ST,Walsall,21,64
I. Buckley-Ricketts,ST,FC Twente,19,64
J. Barišić,ST,Piast Gliwice,30,64
D. Eckert,ST,RC Celta de Vigo,20,64
K. Ojo,ST,Lyngby BK,28,64
M. Duke,ST,Shimizu S-Pulse,26,64
L. Putaro,ST,DSC Arminia Bielefeld,20,64
Y. Merdji,ST,Bourg en Bresse Péronnas 01,23,64
E. Mjelde,ST,Sandefjord Fotball,33,64
F. Fydriszewski,ST,CD Lugo,24,64
L. Erwin,ST,Kilmarnock,23,64
C. Amissi,ST,Al Taawoun,27,64
Mario Barco,ST,CD Lugo,24,64
R. Glatzel,ST,1. FC Heidenheim,23,64
A. Lookman,ST,Everton,19,64
I. Abdullahi,ST,FK Austria Wien,20,64
M. Papadopulos,ST,Piast Gliwice,32,64
A. Jahn,ST,Columbus Crew SC,26,64
J. Manconi,ST,Carpi,23,64
E. García,ST,Belgrano de Córdoba,24,64
F. Forte,ST,La Spezia,24,64
F. Brown Forbes,ST,Amkar Perm,25,64
J. Kaprof,ST,Defensa y Justicia,22,64
B. Śpiączka,ST,Termalica Bruk-Bet Nieciecza,25,64
K. Bazelyuk,ST,FC Anzhi Makhachkala,24,64
A. Buksa,ST,Zagłębie Lubin,20,64
S. Jackson,ST,Walsall,30,64
A. Gordon,ST,Colorado Rapids,35,64
S. Córdova,ST,FC Augsburg,19,64
D. Elm,ST,Kalmar FF,34,64
K. Mensah,ST,Brøndby IF,26,64
P. Bürger,ST,SV Mattersburg,30,64
J. Sánchez Sotelo,ST,Temperley,29,64
E. Velikonja,ST,Willem II,28,64
H. Abranchezo,ST,Curicó Unido,25,64
D. Oduro,ST,Montreal Impact,31,64
D. Moberg Karlsson,ST,IFK Norrköping,23,64
M. Wegner,ST,Sportfreunde Lotte,28,64
G. Scamacca,ST,Sassuolo,18,64
C. McDonald,ST,AFC Wimbledon,31,64
H. Al Juhayyim,ST,Al Fateh,29,64
Héctor,ST,Albacete Balompié,21,64
R. Gaffney,ST,Bristol Rovers,27,64
C. Morris,ST,Shrewsbury,21,64
M. López,ST,Envigado FC,20,64
Y. Al Qahtani,ST,Al Hilal,34,64
E. Ómarsson,ST,IFK Göteborg,22,64
C. Ekuban,ST,Leeds United,23,64
J. Niezgoda,ST,Legia Warszawa,22,64
Dalmau,ST,Villarreal CF,23,64
I. Abdulavov,ST,FC Ufa,23,64
F. Anselmo,ST,Argentinos Juniors,23,64
D. Matulevičius,ST,Hibernian,28,64
A. Jones,ST,Bradford City,22,64
C. Akpom,ST,Arsenal,21,64
S. Romero,ST,Atlético Bucaramanga,28,64
I. Ignatiev,ST,FC Krasnodar,18,64
A. Williams,ST,Doncaster Rovers,30,64
T. Steinherr,ST,SpVgg Unterhaching,24,64
J. Orlov,ST,SK Brann,31,65
B. Figueroa,ST,U.N.A.M.,18,65
P. Sohm,ST,SG Sonnenhof Großaspach,25,65
S. Maierhofer,ST,SV Mattersburg,34,65
H. Bjørdal,ST,Brighton & Hove Albion,20,65
N. Dibble,ST,Gimnasia y Esgrima La Plata,20,65
L. Strizzolo,ST,Cittadella,25,65
F. Doré,ST,Clermont Foot 63,28,65
A. Rossi,ST,Salernitana,20,65
H. Savran,ST,VfL Osnabrück,32,65
L. Pérez,ST,Ascoli,27,65
L. Blessing,ST,Sporting Kansas City,20,65
J. Cox,ST,Envigado FC,23,65
J. Amoroso,ST,Newell's Old Boys,29,65
A. Kamara,ST,Al Taawoun,23,65
V. Osimhen,ST,VfL Wolfsburg,18,65
G. De Feo,ST,Ascoli,23,65
R. Bayard,ST,Tours FC,23,65
L. Röser,ST,SG Dynamo Dresden,23,65
D. Jiménez,ST,Lobos de la BUAP,28,65
D. Mangni,ST,Atalanta,24,65
Evandro,ST,Daegu FC,29,65
P. Taylor,ST,Bradford City,29,65
C. Curran,ST,Ross County FC,27,65
M. Finotto,ST,Ternana,24,65
E. Bajrami,ST,IF Elfsborg,29,65
T. Elliott,ST,Millwall,26,65
R. O'Donovan,ST,Newcastle Jets,31,65
S. Silva,ST,Palermo,27,65
F. Acosta,ST,Villarreal CF,21,65
D. Mendoza,ST,Club Atlético Huracán,24,65
S. Sané,ST,SG Sonnenhof Großaspach,24,65
O. Bogle,ST,Cardiff City,23,65
O. Gaona Lugo,ST,Bahía Blanca,26,65
I. Toney,ST,Wigan Athletic,21,65
P. Rojas,ST,Jaguares Fútbol Club,25,65
T. Pope,ST,Port Vale,31,65
L. Nilsson,ST,IF Elfsborg,35,65
M. Asenjo,ST,Banfield,22,65
C. Amaya,ST,Asociacion Deportivo Cali,26,65
José Kanté,ST,Wisła Płock,26,65
M. Richards,ST,Northampton Town,34,65
M. Sansores,ST,Monarcas Morelia,26,65
S. Sawadogo,ST,La Berrichonne de Châteauroux,24,65
N. Dumitru,ST,AD Alcorcón,25,65
C. Andriamahitsinoro,ST,Ohod Club,27,65
F. Lohkemper,ST,1. FC Magdeburg,22,65
S. Clémence,ST,Tours FC,29,65
C. Fagan,ST,St. Patrick's Athletic,28,65
S. Okoli,ST,New York City Football Club,24,65
C. Woodrow,ST,Bristol City,22,65
J. Hamilton,ST,Toronto FC,21,65
F. Ortíz,ST,Monarcas Morelia,24,65
B. Johnsen,ST,ADO Den Haag,25,65
F. Børsting,ST,Aalborg BK,22,65
J. Grant,ST,Plymouth Argyle,29,65
J. Hinestroza,ST,Tigres FC,21,65
K. Appiah,ST,AFC Wimbledon,26,65
V. Ilyin,ST,FC Ural,23,65
L. Grozurek,ST,FC Admira Wacker Mödling,25,65
S. Akasaki,ST,Gamba Osaka,25,65
Jo Young Cheol,ST,Sangju Sangmu FC,28,65
R. Salinas,ST,Ettifaq FC,31,65
E. Sarraj,ST,Al Faisaly,27,65
S. Benyamina,ST,Hansa Rostock,27,65
D. McMillan,ST,Dundalk,28,65
D. Albadoro,ST,Ternana,28,65
Y. Hasegawa,ST,Shimizu S-Pulse,29,65
Alex Pozo,ST,Sevilla Atlético,18,65
A. Revell,ST,Northampton Town,33,65
R. König,ST,FSV Zwickau,34,65
N. Đurđić,ST,Randers FC,31,65
E. Álvarez,ST,CD Once Caldas Manizales,28,65
C. Long,ST,Northampton Town,22,65
T. Rühle,ST,SC Preußen Münster,26,65
D. Volaš,ST,Sparta Rotterdam,30,65
L. Neagle,ST,Seattle Sounders FC,30,65
M. Altıntaş,ST,Evkur Yeni Malatyaspor,21,65
J. Oremo,ST,Halmstads BK,30,65
M. Tounkara,ST,Lazio,21,65
J. Caenepeel,ST,Excelsior,20,65
O. Eddahri,ST,AFC Eskilstuna,26,65
C. Bassogog,ST,,21,65
D. Marsura,ST,F.B.C. Unione Venezia,23,65
S. Deliktaş,ST,Kardemir Karabükspor,30,65
A. Díaz,ST,Club América,21,65
K. Finnbogason,ST,AC Horsens,30,65
D. Rose,ST,Mansfield Town,23,65
W. Jordán,ST,Grupo Desportivo de Chaves,26,65
M. Ogbu,ST,IK Sirius,26,65
J. Bolingi,ST,Royal Excel Mouscron,23,65
F. Soldano,ST,Unión de Santa Fe,22,65
A. Balboa,ST,Club Atlético Patronato,23,65
S. Dražić,ST,KV Mechelen,24,65
M. Mohsen,ST,,28,65
C. Chaplin,ST,Portsmouth,20,65
S. Maguire,ST,Preston North End,23,65
C. Valoyes,ST,Patriotas Boyacá FC,33,65
A. Arrighini,ST,Cittadella,27,65
K. Naismith,ST,Portsmouth,25,65
Barros,ST,Ventforet Kofu,24,65
F. Rašić,ST,Arsenal Tula,25,65
I. Azemi,ST,Holstein Kiel,25,65
A. Pavlović,ST,FC København,23,65
K. Guédé,ST,SC Freiburg,32,65
R. Bocalon,ST,Salernitana,28,65
R. Riski,ST,SKN St. Pölten,25,65
L. Clarke,ST,Sheffield United,32,65
I. Ouédraogo,ST,Wolfsberger AC,28,65
E. Güral,ST,Antalyaspor,28,65
P. Cutrone,ST,Milan,19,65
B. Kee,ST,Accrington Stanley,26,65
R. Reid,ST,Exeter City,28,65
J. Proctor,ST,Rotherham United,25,65
G. Melkadze,ST,FC Tosno,20,65
J. Świerczok,ST,Zagłębie Lubin,24,65
F. Margiotta,ST,FC Lausanne-Sports,23,65
Romário,ST,Kalmar FF,24,65
R. Koch,ST,FSV Zwickau,31,65
E. Markov,ST,FC Tosno,22,65
R. Taylor,ST,Plymouth Argyle,29,65
J. Kjær,ST,Lyngby BK,31,65
Everton,ST,CS Marítimo,23,65
P. Mullins,ST,D.C. United,25,65
Alex,ST,Silkeborg IF,26,65
E. Keleş,ST,Medicana Sivasspor,30,65
João Pedro,ST,Al Fateh,24,65
A. Schalk,ST,Ross County FC,24,65
D. Milović,ST,Amkar Perm,23,65
D. Davydov,ST,Spartak Moscow,22,65
A. Panyukov,ST,Zenit St. Petersburg,22,65
S. Maholli,ST,IK Sirius,24,65
Aridane,ST,Albacete Balompié,30,65
A. Papazoglou,ST,Aalesunds FK,29,66
R. Riski,ST,Odds BK,27,66
C. Monschein,ST,FK Austria Wien,24,66
W. Owusu,ST,Royal Antwerp FC,27,66
F. Boli,ST,Stabæk Fotball,23,66
R. Vloet,ST,NAC Breda,22,66
R. Lentini,ST,Bahía Blanca,28,66
Ricardo Santos,ST,Cerezo Osaka,30,66
M. Ranégie,ST,BK Häcken,33,66
K. Tokura,ST,Hokkaido Consadole Sapporo,31,66
T. Sana,ST,Aarhus GF,27,66
J. Magennis,ST,Charlton Athletic,26,66
J. Eggestein,ST,SV Werder Bremen,19,66
Q. Boisgard,ST,Toulouse FC,20,66
Luis Marleiro,ST,Vitória ,25,66
A. Jeremejeff,ST,Malmö FF,23,66
A. Favilli,ST,Ascoli,20,66
L. Thürauer,ST,SKN St. Pölten,29,66
R. Feczesin,ST,Jeonnam Dragons,31,66
A. Sadiku,ST,Legia Warszawa,26,66
C. Washington,ST,Queens Park Rangers,25,66
E. Torregrossa,ST,Brescia,25,66
A. Engin,ST,MSV Duisburg,20,66
S. Church,ST,,28,66
N. Brock-Madsen,ST,Birmingham City,24,66
A. Piech,ST,Śląsk Wrocław,32,66
T. Lee,ST,Urawa Red Diamonds,31,66
D. López,ST,Jaguares Fútbol Club,25,66
Leandrinho,ST,Medicana Sivasspor,31,66
B. Jayiya,ST,Kaizer Chiefs,27,66
A. Þrándarson,ST,Aalesunds FK,22,66
C. Gazale,ST,Santiago Wanderers,25,66
R. Cisneros,ST,Santos Laguna,20,66
Sergi Guardiola,ST,Córdoba CF,26,66
Y. Baraye,ST,Parma,25,66
M. Könnecke,ST,FSV Zwickau,28,66
M. Fortuné,ST,Southend United,35,66
K. Taketomi,ST,Kashiwa Reysol,26,66
T. Gabuza,ST,Orlando Pirates,29,66
Luisinho,ST,Al Faisaly,26,66
K. Kawamata,ST,Júbilo Iwata,27,66
C. Davies,ST,Philadelphia Union,31,66
N. Trujic,ST,FC Tosno,25,66
Kim Gun Hee,ST,Suwon Samsung Bluewings,22,66
J. Obika,ST,Oxford United,26,66
A. O'Brien,ST,Millwall,23,66
M. Boman,ST,IFK Göteborg,28,66
João Silva,ST,CD Feirense,27,66
C. O'Grady,ST,Chesterfield,31,66
M. Dembélé,ST,Le Havre AC,28,66
A. Sebrino,ST,CD Palestino,25,66
A. Gomis,ST,US Orléans Loiret Football,25,66
M. Çelik,ST,Akhisar Belediyespor,27,66
R. Gartler,ST,LASK Linz,31,66
P. Türpitz,ST,1. FC Magdeburg,25,66
M. Guevgeozián,ST,Newell's Old Boys,31,66
L. Sekulski,ST,Jagiellonia Białystok,26,66
T. Vion,ST,Chamois Niortais FC,23,66
M. Mustacchio,ST,Perugia,28,66
E. Butin,ST,Stade Brestois 29,29,66
Diego Maurício,ST,Gangwon FC,26,66
O. Arce,ST,Necaxa,27,66
L. Ngwat Mahop,ST,SCR Altach,29,66
R. Fernández,ST,Al Fayha,26,66
K. Moore,ST,Rotherham United,24,66
I. Tajouri,ST,FK Austria Wien,23,66
J. Marquis,ST,Doncaster Rovers,25,66
M. Uhre,ST,SønderjyskE,22,66
A. Riel,ST,Aarhus GF,26,66
L. Zwoliński,ST,Pogoń Szczecin,24,66
K. Holmberg,ST,IFK Norrköping,24,66
P. Dibba,ST,Hammarby IF,29,66
K. Doolan,ST,Partick Thistle F.C.,30,66
L. Escalante,ST,CPD Junior Barranquilla,25,66
Amido Baldé,ST,CS Marítimo,26,66
A. Nuhiu,ST,Sheffield Wednesday,27,66
E. Markkanen,ST,SG Dynamo Dresden,25,66
C. Nöthe,ST,DSC Arminia Bielefeld,29,66
H. Vučkić,ST,FC Twente,24,66
A. Vega,ST,Deportivo Toluca,19,66
R. Dwamena,ST,FC Zürich,21,66
J. Barraza,ST,Club Atlas,26,66
T. Ricketts,ST,Toronto FC,29,66
M. Rolón,ST,Arsenal de Sarandí,22,66
B. Santalab,ST,Western Sydney Wanderers,34,66
M. Mirić,ST,Sporting Lokeren,30,66
A. Dona Ndoh,ST,Chamois Niortais FC,31,66
N. Adler,ST,FC Erzgebirge Aue,32,66
A. Smárason,ST,Hammarby IF,28,66
M. Bolly,ST,SpVgg Greuther Fürth,26,66
A. La Mantia,ST,Virtus Entella,26,66
J. Mendy,ST,Kristiansund BK,27,66
M. Abu Radiyah,ST,Al Ahli,30,66
A. Prudnikov,ST,FC Anzhi Makhachkala,28,66
M. van Duinen,ST,Excelsior,25,66
M. Tagbajumi,ST,Lillestrøm SK,29,66
N. Stefanelli,ST,AIK Solna,23,66
D. Gustavsson,ST,IF Elfsborg,26,66
J. Hopcutt,ST,Östersunds FK,25,66
S. Scappini,ST,Cremonese,29,66
P. Zulechner,ST,SK Sturm Graz,27,66
A. Navarro,ST,Puebla,32,66
João Vasco,ST,Tondela,22,66
J. Jervis,ST,Plymouth Argyle,25,66
B. Grant,ST,Fleetwood Town,27,66
K. van Veen,ST,Scunthorpe United,26,66
Y. Mena,ST,Alianza Petrolera,25,66
D. Schahin,ST,Roda JC Kerkrade,27,66
K. Mayi,ST,Stade Brestois 29,24,66
M. Starke,ST,FC Carl Zeiss Jena,26,66
M. Figueroa,ST,Temperley,27,66
T. Børven,ST,SK Brann,25,66
Heo Young Joon,ST,Jeonnam Dragons,24,66
N. Quaschner,ST,DSC Arminia Bielefeld,23,66
P. Madden,ST,Scunthorpe United,27,66
M. Axente,ST,Al Faisaly,30,66
J. Ardaiz,ST,Royal Antwerp FC,18,66
B. Finne,ST,Vålerenga Fotball,22,66
J. Quiñones,ST,Lobos de la BUAP,20,66
B. Ibini,ST,Vancouver Whitecaps FC,24,66
A. Awaji,ST,Al Ahli,27,66
B. Gueye,ST,Sint-Truidense VV,22,66
B. Girth,ST,SV Meppen,25,66
M. Maolida,ST,Olympique Lyonnais,18,66
Benny,ST,CF Os Belenenses,20,66
Y. Al Salem,ST,Ettifaq FC,32,66
P. Brożek,ST,Wisła Kraków,34,66
A. Wiegel,ST,MSV Duisburg,25,66
K. Anderson,ST,Swindon Town,22,66
L. Taylor,ST,AFC Wimbledon,27,66
Luis Fernández,ST,RC Deportivo de La Coruña,23,66
R. Ache,ST,Sparta Rotterdam,18,66
Danilo Sacrio,ST,Clube Atlético Paranaense,25,66
B. Perea,ST,Lazio,24,67
G. Iancu,ST,Termalica Bruk-Bet Nieciecza,23,67
M. Aramu,ST,Virtus Entella,22,67
A. Jacobsen,ST,Odense Boldklub,27,67
B. Ogbeche,ST,Willem II,32,67
S. Brandstetter,ST,MSV Duisburg,27,67
O. Sow,ST,Milton Keynes Dons,27,67
J. Valencia,ST,CD Feirense,25,67
K. Hemmings,ST,Mansfield Town,25,67
A. Jackson-Hamel,ST,Montreal Impact,23,67
T. Boyd,ST,SV Darmstadt 98,26,67
N. Proschwitz,ST,Sparta Rotterdam,30,67
B. Mansilla,ST,Racing Club de Avellaneda,20,67
D. Hylton,ST,Luton Town,28,67
E. Quiñones,ST,CD Los Millionarios Bogota,28,67
Carrillo,ST,Cádiz C.F.,23,67
D. Soldiez,ST,Universidad de Chile,29,67
A. Zabolotnyy,ST,FC Tosno,26,67
L. Cavallini,ST,Puebla,24,67
Edgar Hernández,ST,CF Reus Deportiu,30,67
J. Correa,ST,Godoy Cruz,24,67
P. Mortensen,ST,Sarpsborg 08 FF,27,67
N. Mazzola,ST,Gimnasia y Esgrima La Plata,27,67
Breno Laranjeiro,ST,Sport Club do Recife,29,67
I. Lendrić,ST,RC Lens,25,67
Carlos Fernández,ST,Sevilla Atlético,21,67
W. Thomas,ST,Oxford United,30,67
B. McKay,ST,Ross County FC,28,67
A. Ivan,ST,FC Krasnodar,20,67
M. Keita,ST,New York Red Bulls,26,67
S. Beavon,ST,Coventry City,33,67
M. Marković,ST,FC SKA-Energiya Khabarovsk,27,67
Y. Toyoda,ST,Sagan Tosu,32,67
A. Zrelak,ST,1. FC Nürnberg,23,67
K. Biliński,ST,Wisła Płock,29,67
H. Diallo,ST,Stade Brestois 29,22,67
S. Cox,ST,Southend United,30,67
R. Maeda,ST,F.C. Tokyo,35,67
Heliardo,ST,Tondela,25,67
S. Díaz,ST,CD Lugo,19,67
Ramon Lopes,ST,Kashiwa Reysol,27,67
T. Høiland,ST,Viking FK,28,67
E. Soriano,ST,Korona Kielce,28,67
O. Occéan,ST,Odds BK,35,67
F. González,ST,Puebla,30,67
H. Kanazono,ST,Hokkaido Consadole Sapporo,28,67
Manel,ST,Lorca Deportiva CF,25,67
Z. El Azzouzi,ST,Excelsior,21,67
M. Kudo,ST,Sanfrecce Hiroshima,27,67
Asdrúbal,ST,Central Coast Mariners,26,67
J. Hernández,ST,CF Os Belenenses,24,67
E. Herrera,ST,Lobos de la BUAP,30,67
J. Cummings,ST,Nottingham Forest,21,67
C. Soukou,ST,FC Erzgebirge Aue,24,67
S. Pettinari,ST,Pescara,25,67
P. Kirkevold,ST,Hobro IK,26,67
J. Nsamé,ST,BSC Young Boys,24,67
N. Çiftçi,ST,Plymouth Argyle,25,67
R. Festersen,ST,Odense Boldklub,30,67
A. Woźniak,ST,Zagłębie Lubin,27,67
Jairo Morillas,ST,RCD Espanyol,23,67
Z. Ondrášek,ST,Wisła Kraków,28,67
J. Verhoek,ST,1. FC Heidenheim,28,67
M. Abdellaoue,ST,Aalesunds FK,28,67
Q. Amarikwa,ST,San Jose Earthquakes,29,67
S. Chhetri,ST,,32,67
I. Bulos,ST,Boavista FC,24,67
Q. Antipas,ST,Hobro IK,33,67
B. Labeau,ST,Amiens SC Football,21,67
M. Spelmann,ST,Aarhus GF,30,67
W. Jebor,ST,Al Nassr,25,67
J. Ramis,ST,Belgrano de Córdoba,27,67
Borja Domingo,ST,Levante UD,21,67
Toquero,ST,Real Zaragoza,32,67
J. Simpson,ST,Philadelphia Union,28,67
K. Friesenbichler,ST,FK Austria Wien,23,67
Z. Janjić,ST,MSV Duisburg,31,67
S. Di Carmine,ST,Perugia,28,67
V. Vermeij,ST,Heracles Almelo,22,67
N. Scatopano,ST,San Luis de Quillota,33,67
D. Thomalla,ST,1. FC Heidenheim,24,67
M. Turay,ST,AFC Eskilstuna,22,67
Chumbi,ST,Lorca Deportiva CF,28,67
S. Iljutcenko,ST,MSV Duisburg,26,67
L. Rinaldi,ST,Brescia,23,67
M. Smith,ST,Queens Park Rangers,28,67
H. Veerman,ST,SC Heerenveen,26,67
F. Herbers,ST,Philadelphia Union,23,67
S. Umar,ST,Torino,20,67
M. Zachara,ST,Tondela,27,67
M. Grüttner,ST, SSV Jahn Regensburg,31,67
A. Araujo,ST,GFC Ajaccio,20,67
S. Ganz,ST,Pescara,23,67
G. Madine,ST,Bolton Wanderers,26,67
K. Piątek,ST,Cracovia,22,67
Vincente Dourado,ST,Associação Chapecoense de Futebol,33,67
S. Michel,ST,SC Paderborn 07,26,67
R. Rubin,ST,Stabæk Fotball,21,67
Han Kwang Song,ST,Perugia,18,67
D. Badji,ST,Colorado Rapids,24,67
M. Cejas,ST,Unión de Santa Fe,31,67
P. Frick,ST,IF Elfsborg,25,67
R. Manaj,ST,Granada CF,20,67
G. Monachello,ST,Palermo,23,67
K. Onuegbu,ST,MSV Duisburg,31,67
F. Stanco,ST,Cremonese,30,67
Cesinha,ST,Daegu FC,27,67
S. Hain,ST,SpVgg Unterhaching,28,67
R. Vanegas,ST,Jaguares Fútbol Club,24,67
A. Fletcher,ST,Middlesbrough,21,67
L. Nabab,ST,US Orléans Loiret Football,29,67
Y. Bnou-Marzouk,ST,FC Lugano,21,67
W. Keane,ST,Hull City,24,67
M. Benyettou,ST,Al Shabab,27,67
S. Nagasawa,ST,Gamba Osaka,28,67
F. Etoundi,ST,Kasimpaşa SK,26,67
A. Cocco,ST,Pescara,31,68
N. Citro,ST,Frosinone,28,68
A. Mbengue,ST,Terek Grozny,25,68
M. Đurić,ST,Bristol City,27,68
I. Markelov,ST,FC Anzhi Makhachkala,29,68
D. Brown,ST,D.C. United,26,68
A. Yasin,ST,BK Häcken,26,68
S. Davies,ST,Rochdale,29,68
C. González,ST,Necaxa,24,68
L. Gregory,ST,Millwall,28,68
M. Taylor,ST,Bristol City,27,68
B. Guillaume,ST,Angers SCO,22,68
M. Antonsson,ST,Blackburn Rovers,26,68
E. Koulouris,ST,PAOK Thessaloniki,21,68
Bruno Gomes,ST,Estoril Praia,20,68
F. Avenatti,ST,Bologna,24,68
V. Parigini,ST,Benevento Calcio,21,68
S. Makienok,ST,FC Utrecht,26,68
R. Buess,ST,FC St. Gallen,24,68
I. Ouali,ST,KV Kortrijk,29,68
J. Tshibumbu,ST,Tours FC,28,68
Vasco Costa,ST,Vitória Setúbal,25,68
Rabiola,ST,FC Paços de Ferreira,27,68
E. Manu,ST,Gençlerbirliği SK,23,68
Simy,ST,Crotone,25,68
Mosquito,ST,Arsenal de Sarandí,21,68
J. Blayac,ST,RC Strasbourg,34,68
K. Igboananike,ST,Örebro SK,28,68
Jordi Mboula,ST,AS Monaco,18,68
C. Diarra,ST,Tours FC,25,68
Villalibre,ST,Real Valladolid,19,68
Jonaldo Santoso,ST,Avaí Futebol Clube,25,68
G. Puşcaş,ST,Benevento Calcio,21,68
S. Diarra,ST,Valenciennes FC,33,68
A. Isak,ST,Borussia Dortmund,17,68
Magno,ST,Jeju United FC,29,68
M. Pourié,ST,Randers FC,26,68
S. Higuerrez,ST,Everton de Viña del Mar,33,68
A. Canelo,ST,Deportivo Toluca,25,68
P. Lugüercio,ST,Estudiantes de La Plata,35,68
S. Morison,ST,Millwall,33,68
D. Graham,ST,Blackburn Rovers,31,68
M. Murillo,ST,Asociacion Deportivo Cali,23,68
F. Raičević,ST,Vercelli,23,68
H. Okuno,ST,Vegalta Sendai,27,68
N. Helenius,ST,Odense Boldklub,26,68
N. Maynard,ST,Aberdeen,30,68
V. Lundberg,ST,CS Marítimo,26,68
S. May,ST,Aberdeen,24,68
M. Mak,ST,Śląsk Wrocław,25,68
J. Arce,ST,,32,68
L. Rosseti,ST,Ascoli,22,68
Hwang Ui Jo,ST,Gamba Osaka,24,68
M. Thiam,ST,Barnsley,22,68
T. Bradshaw,ST,Barnsley,24,68
Wanderson,ST,GwangJu FC,25,68
M. Pedersen,ST,Strømsgodset IF,27,68
N. Eliasson,ST,Bristol City,21,68
Nono,ST,AD Alcorcón,26,68
U. Bulut,ST,Kayserispor,34,68
P. Sotiriou,ST,FC København,24,68
Franci Martinho,ST,Associação Atlética Ponte Preta,33,68
M. Ishak,ST,1. FC Nürnberg,24,68
F. Gounongbe,ST,Cardiff City,29,68
F. Gulbrandsen,ST,FC Red Bull Salzburg,24,68
J. Amione,ST,Puebla,27,68
G. Cano,ST,Pachuca,29,68
A. Brighenti,ST,Cremonese,29,68
A. Grimaldi,ST,SC Preußen Münster,26,68
G. Kuświk,ST,Lechia Gdańsk,30,68
A. Levipan,ST,Unión Española,25,68
Luis Henrique,ST,CD Feirense,19,68
G. Cellerino,ST,Deportivo Pasto,31,68
A. Vuletich,ST,Águilas Doradas,25,68
C. Harriott,ST,Reading,23,68
S. Andersson,ST,1. FC Kaiserslautern,25,68
F. Černych,ST,Jagiellonia Białystok,26,68
S. Benrahma,ST,La Berrichonne de Châteauroux,21,68
Everaldo,ST,Querétaro,25,68
L. Abdi,ST,FK Haugesund,28,68
M. Reineraso,ST,San Luis de Quillota,33,68
D. Saint-Louis,ST,Paris FC,22,68
V. Muriqi,ST,Gençlerbirliği SK,23,68
G. Giakoumakis,ST,AEK Athens,22,68
J. Collins,ST,Luton Town,26,68
Edú,ST,Jeonbuk Hyundai Motors,35,68
Tiago Caeiro,ST,CF Os Belenenses,33,68
D. Lekić,ST,CF Reus Deportiu,32,68
D. Kownacki,ST,Sampdoria,20,68
P. Parzyszek,ST,PEC Zwolle,23,68
C. Bedia,ST,Sporting Charleroi,21,68
D. Bodul,ST,Amkar Perm,28,68
L. Höler,ST,SV Sandhausen,22,68
A. Leya Iseka,ST,SV Zulte-Waregem,19,68
N. Pedersen,ST,KV Mechelen,29,68
F. Malbašić,ST,CD Tenerife,24,68
Zhang Yuning,ST,SV Werder Bremen,20,68
M. Affonso,ST,Atlético Tucumán,25,68
E. Farias,ST,CD Once Caldas Manizales,29,68
P. Testroet,ST,SG Dynamo Dresden,26,68
H. Al Raheb,ST,Al Nassr,33,68
J. Dongou Tsafack,ST,Gimnàstic de Tarragona,22,68
G. Charbonnier,ST,Stade Brestois 29,28,68
T. Boere,ST,FC Twente,24,68
P. Gladon,ST,Heracles Almelo,25,68
C. Arango,ST,CD Aves,22,68
M. Ureña,ST,San Jose Earthquakes,27,68
A. Armstrong,ST,Bolton Wanderers,20,68
Marc Gual,ST,Sevilla Atlético,21,68
C. Colmán,ST,FC Dallas,23,68
K. Boyd,ST,Kilmarnock,33,68
J. Garro,ST,Godoy Cruz,24,68
F. Dastineda,ST,Club de Deportes Temuco,33,68
J. Bothroyd,ST,Hokkaido Consadole Sapporo,35,68
G. Herrera,ST,Rosario Central,33,68
Leandro,ST,Kashima Antlers,24,68
M. Ducksch,ST,Holstein Kiel,23,68
J. Akpala,ST,KV Oostende,30,68
D. Rubio,ST,Sporting Kansas City,24,68
M. Schäffler,ST,SV Wehen Wiesbaden,28,68
P. Eze,ST,Atiker Konyaspor,24,68
S. Nakajima,ST,Portimonense SC,22,68
E. Onuachu,ST,FC Midtjylland,23,68
Leandro,ST,Vissel Kobe,32,68
S. MacLean,ST,St. Johnstone FC,34,68
Arthur Silbeira,ST,Clube Atlético Paranaense,33,68
Enzio Julião,ST,Associação Chapecoense de Futebol,33,68
W. Bruin,ST,Seattle Sounders FC,27,69
G. Zigoni,ST,F.B.C. Unione Venezia,26,69
C. Donaldson,ST,Sheffield United,33,69
C. Ibargüen,ST,Corporación Club Deportivo Tuluá,21,69
C. Arias,ST,Alianza Petrolera,29,69
M. Watkins,ST,Norwich City,26,69
K. Barbarouses,ST,Melbourne Victory,27,69
W. Grigg,ST,Wigan Athletic,25,69
D. Frahn,ST,Chemnitzer FC,30,69
A. Cerri,ST,Perugia,21,69
A. Karamanos,ST,Rio Ave FC,26,69
G. Verón,ST,New York Red Bulls,27,69
Y. Boli,ST,Sint-Truidense VV,23,69
K. Mrabti,ST,Djurgårdens IF,23,69
M. Sigales,ST,Godoy Cruz,23,69
A. Čolak,ST,FC Ingolstadt 04,23,69
M. Yatabaré,ST,Kardemir Karabükspor,31,69
R. Emond,ST,Standard de Liège,25,69
C. Monsalvo,ST,Águilas Doradas,27,69
Lucas João,ST,Sheffield Wednesday,23,69
R. Mühren,ST,Sparta Rotterdam,28,69
C. Beck,ST,1. FC Magdeburg,29,69
A. Caracciolo,ST,Brescia,35,69
Gonçalo Paciência,ST,Vitória Setúbal,22,69
K. Jones,ST,Atlanta United FC,32,69
L. Castaldo,ST,Avellino,35,69
E. Andersen,ST,Strømsgodset IF,24,69
R. Acquafresca,ST,FC Sion,29,69
T. Barkhuizen,ST,Preston North End,23,69
S. Abdullahi,ST,Eintracht Braunschweig,20,69
Pere Milla,ST,CD Numancia,24,69
J. Böðvarsson,ST,Reading,25,69
A. Olanare,ST,CSKA Moscow,23,69
Luiz Phellype,ST,FC Paços de Ferreira,23,69
A. Escuderos,ST,CD Huachipato,29,69
Fran Sol,ST,Willem II,25,69
D. Stroh-Engel,ST,Karlsruher SC,31,69
P. Hofmann,ST,SpVgg Greuther Fürth,24,69
C. Martínez Borja,ST,CD America de Cali,29,69
I. Šaponjić,ST,SV Zulte-Waregem,19,69
C. Evans,ST,Sheffield United,28,69
S. Koita,ST,Amiens SC Football,23,69
V. Bojinov,ST,FC Lausanne-Sports,31,69
A. Vellios,ST,Nottingham Forest,25,69
F. Andrada,ST,Vélez Sarsfield,23,69
O. Hernández,ST,Eintracht Braunschweig,24,69
Rubén Cruz,ST,Cádiz C.F.,31,69
L. Boussaha,ST,Bourg en Bresse Péronnas 01,29,69
M. Jacobs,ST,Wigan Athletic,25,69
A. Guié Guié,ST,US Orléans Loiret Football,30,69
A. Rooney,ST,Aberdeen,29,69
P. Škuletić,ST,Gençlerbirliği SK,27,69
M. Rasmussen,ST,Aarhus GF,32,69
E. Berggreen,ST,1. FSV Mainz 05,24,69
L. Thy,ST,VVV-Venlo,25,69
Alfaro,ST,Córdoba CF,30,69
F. Chalov,ST,CSKA Moscow,19,69
J. Wilson,ST,Manchester United,21,69
R. Ripart,ST,Nîmes Olympique,24,69
F. Mercado,ST,Corporación Club Deportivo Tuluá,27,69
N. Nielsen,ST,Lech Poznań,29,69
L. Mendoza,ST,Club Tijuana,27,69
J. Da Costa,ST,RC Strasbourg,26,69
D. Watmore,ST,Sunderland,23,69
J. Mendoza,ST,Chacarita Juniors,24,69
S. Lammers,ST,PSV,20,69
E. Lugo,ST,Querétaro,32,69
P. Mlapa,ST,SG Dynamo Dresden,26,69
Nuno Rocha,ST,FC Tosno,25,69
M. Trotta,ST,Crotone,24,69
A. Villanava,ST,Santiago Wanderers,33,69
K. Watanabe,ST,Vissel Kobe,30,69
J. Green,ST,SpVgg Greuther Fürth,22,69
A. Weimann,ST,Derby County,25,69
I. Jebali,ST,IF Elfsborg,25,69
M. Cassierra,ST,Ajax,20,69
F. Espíndola,ST,Albacete Balompié,32,69
M. Maddison,ST,Peterborough United,23,69
Tomané,ST,Tondela,24,69
Alexandre Guedes,ST,CD Aves,23,69
N. Daghfous,ST,SV Sandhausen,30,69
R. Živković,ST,KV Oostende,20,69
E. Lutsenko,ST,Dinamo Moscow,30,69
T. van Weert,ST,FC Groningen,27,69
A. Le Fondre,ST,Bolton Wanderers,30,69
R. Jönsson,ST,Odense Boldklub,27,69
Ever Sineiro,ST,Coritiba Foot Ball Club,29,69
J. Caicedo,ST,Independiente Medellín,27,69
A. Kamara,ST,BK Häcken,24,69
N. Dicko,ST,Hull City,25,69
G. Engvall,ST,Djurgårdens IF,21,69
M. Kone,ST,CD Leganés,25,69
K. Bua,ST,FC Basel,23,69
J. Beckford,ST,Bury,33,69
S. Guirassy,ST,1. FC Köln,21,69
Y. En-Nesyri,ST,Málaga CF,20,69
Rubén Jurado,ST,Arka Gdynia,31,69
A. Donnarumma,ST,Empoli,26,69
Alejandro Rodríguez,ST,Salernitana,25,69
William,ST,Grupo Desportivo de Chaves,25,69
Emu Teixeira,ST,Sociedade Esportiva Palmeiras,29,69
Roberto Soira,ST,Botafogo de Futebol e Regatas,33,69
B. Mokulu,ST,Cremonese,27,69
M. Olunga,ST,Girona CF,23,69
E. Rescaldani,ST,SD Huesca,25,69
Patric,ST,Sanfrecce Hiroshima,29,69
L. Grabban,ST,Sunderland,29,69
G. Litteri,ST,Cittadella,29,69
A. Kolev,ST,Sandecja Nowy Sącz,24,69
B. Bergougnoux,ST,Tours FC,34,69
L. Mousset,ST,Bournemouth,21,69
N. Hazazi,ST,Al Taawoun,28,69
G. Plet,ST,Alanyaspor,29,69
M. Mancosu,ST,Montreal Impact,32,69
G. Kyei,ST,Stade de Reims,21,69
Borja Lázaro,ST,AD Alcorcón,29,69
S. Napoleoni,ST,İstanbul Başakşehir FK,31,69
D. Oberlin,ST,FC Basel,19,69
I. Portnyagin,ST,FC Ural,28,69
Rui Pedro,ST,Boavista FC,19,70
N. Al Shamrani,ST,Al Shabab,33,70
Diogildo Peixe,ST,São Paulo Futebol Clube,29,70
Nenê,ST,Bari,33,70
I. Mbenza,ST,Montpellier Hérault SC,21,70
M. Djuricin,ST,Grasshopper Club Zürich,24,70
E. Mor,ST,RC Celta de Vigo,19,70
B. Holman,ST,Brisbane Roar,33,70
Angulo,ST,Górnik Zabrze,33,70
Thiago Galhardo,ST,Albirex Niigata,27,70
Z. Clough,ST,Nottingham Forest,22,70
R. Ramírez,ST,Deportivo Pasto,27,70
D. Pollet,ST,Sporting Charleroi,28,70
N. Leguizamón,ST,Colon de Santa Fe,22,70
D. Depetris,ST,Bahía Blanca,28,70
M. Fallatah,ST,Al Hilal,29,70
C. Akolo,ST,VfB Stuttgart,22,70
S. Gustafson,ST,Roda JC Kerkrade,22,70
L. Moult,ST,Motherwell,25,70
Vicemte Tófoli,ST,São Paulo Futebol Clube,33,70
Willyan,ST,Vitória Setúbal,23,70
Y. Touzghar,ST,FC Sochaux-Montbéliard,30,70
A. Galabinov,ST,Genoa,28,70
F. Niell,ST,Gimnasia y Esgrima La Plata,34,70
O. Burke,ST,West Bromwich Albion,20,70
Alex Geijo,ST,F.B.C. Unione Venezia,34,70
F. Muñoz,ST,Temperley,25,70
R. Yaremchuk,ST,KAA Gent,21,70
R. Zozulya,ST,Albacete Balompié,27,70
D. Solanke,ST,Liverpool,19,70
T. Priskin,ST,,30,70
Yang Dong Hyen,ST,Pohang Steelers,31,70
E. Kujović,ST,Fortuna Düsseldorf,29,70
Jon Bautista,ST,Real Sociedad,21,70
L. Páez,ST,Águilas Doradas,30,70
F. Platte,ST,SV Darmstadt 98,21,70
R. Maniero,ST,Novara,29,70
S. Dursun,ST,SpVgg Greuther Fürth,25,70
M. Yattara,ST,AJ Auxerre,23,70
J. Garner,ST,Ipswich Town,29,70
M. Batdal,ST,İstanbul Başakşehir FK,31,70
G. Kvilitaia,ST,SK Rapid Wien,23,70
J. Berget,ST,Malmö FF,26,70
J. Tinhan,ST,ES Troyes AC,28,70
T. Rantie,ST,Gençlerbirliği SK,26,70
Vinícius Araújo,ST,Real Zaragoza,24,70
Rodrigo Pinho,ST,CS Marítimo,26,70
C. Dessers,ST,FC Utrecht,22,70
E. Manucharyan,ST,FC Ural,30,70
S. Freis,ST, SSV Jahn Regensburg,32,70
S. Kutschke,ST,FC Ingolstadt 04,28,70
L. Ruiz,ST,Atletico Nacional Medellin,30,70
Esmael,ST,Heart of Midlothian,26,70
Manucho,ST,Rayo Vallecano,34,70
M. Havenaar,ST,Vissel Kobe,30,70
Y. Movsisyan,ST,Real Salt Lake,29,70
E. Rivière,ST,FC Metz,27,70
M. Abdellaoue,ST,Vålerenga Fotball,31,70
Platiny,ST,Grupo Desportivo de Chaves,26,70
Y. Croizet,ST,KV Mechelen,25,70
M. Ingvartsen,ST,KRC Genk,21,70
I. Firer,ST,AJ Auxerre,32,70
A. Saltininio,ST,Audax Italiano,33,70
D. Drexler,ST,Holstein Kiel,27,70
D. Bakar,ST,Tours FC,28,70
S. Schipplock,ST,Hamburger SV,28,70
S. Winnall,ST,Derby County,26,70
D. Kumbela,ST,Eintracht Braunschweig,33,70
T. De Sutter,ST,Sporting Lokeren,31,70
J. Cristaldo,ST,Vélez Sarsfield,28,70
Rodri,ST,C.D. Leonesa S.A.D.,27,70
F. Arizala,ST,Atlético Bucaramanga,31,70
Óscar Pinchi,ST,RC Deportivo de La Coruña,21,70
K. Rezaei,ST,Sporting Charleroi,25,70
B. Sharp,ST,Sheffield United,31,70
L. Jović,ST,Eintracht Frankfurt,19,70
D. Rangelov,ST,,34,70
Cristian Herrera,ST,CD Lugo,26,70
S. Ganvoula,ST,KV Mechelen,21,70
O. Oularé,ST,Royal Antwerp FC,21,70
N. Ibáñez,ST,Gimnasia y Esgrima La Plata,22,70
A. Sørloth,ST,FC Midtjylland,21,70
L. Jutkiewicz,ST,Birmingham City,28,70
Kike Sola,ST,Athletic Club de Bilbao,31,70
J. Hugill,ST,Preston North End,25,70
K. Wilczek,ST,Brøndby IF,29,70
G. La Parra,ST,Everton de Viña del Mar,29,70
K. Kanatsızkuş,ST,Bursaspor,20,70
L. Rodríguez,ST,Atlético Tucumán,32,70
D. Texeira,ST,Vitória Guimarães,26,70
Y. Hadji,ST,AS Nancy Lorraine,37,70
A. Sendillas,ST,Santiago Wanderers,33,70
M. Pušić,ST,FC København,29,70
P. Caballero,ST,UD Almería,31,70
M. Żyro,ST,Wolverhampton Wanderers,24,70
Ever Corredeira,ST,Coritiba Foot Ball Club,33,70
C. Strandberg,ST,Malmö FF,21,70
O. Edouard,ST,Celtic,19,70
M. Morys,ST,VfR Aalen,30,70
N. Ninković,ST,Empoli,22,70
S. Rincón,ST,Vitória Guimarães,23,70
S. Doi,ST,Kashima Antlers,25,70
Borja Iglesias,ST,Real Zaragoza,24,70
M. Stępiński,ST,Chievo Verona,22,70
E. Salli,ST,1. FC Nürnberg,24,70
M. Al Shalhoub,ST,Al Hilal,36,70
F. Friday,ST,AZ Alkmaar,22,70
P. Budkivskyi,ST,KV Kortrijk,25,70
Jona,ST,Córdoba CF,28,70
A. Budimir,ST,Crotone,25,70
Wesley,ST,Club Brugge KV,20,70
M. Rangel,ST,Kasimpaşa SK,26,71
S. Çikalleshi,ST,Osmanlıspor,26,71
L. Boyce,ST,Burton Albion,26,71
S. Hogan,ST,Aston Villa,25,71
B. Diawara,ST,Adelaide United,29,71
C. Salom,ST,Puebla,30,71
J. Kiełb,ST,Korona Kielce,29,71
D. McGoldrick,ST,Ipswich Town,29,71
C. Luna,ST,Club Atlético Tigre,35,71
P. Sané,ST,AJ Auxerre,25,71
E. Villa,ST,Querétaro,35,71
S. Ribas,ST,Club Atlético Patronato,29,71
V. Kjartansson,ST,,27,71
F. Campbell,ST,Hull City,29,71
A. Bakasetas,ST,AEK Athens,24,71
Derley,ST,CD Aves,29,71
H. Goitom,ST,AIK Solna,32,71
F. Caputo,ST,Empoli,29,71
N. Maupay,ST,Brentford,20,71
Lee Dong Gook,ST,Jeonbuk Hyundai Motors,38,71
K. Manneh,ST,Columbus Crew SC,22,71
G. Marilungo,ST,La Spezia,27,71
Y. Sanogo,ST,Toulouse FC,24,71
A. Sobiech,ST,SV Darmstadt 98,27,71
S. Ghoddos,ST,Östersunds FK,23,71
A. Morelos,ST,Rangers,21,71
C. Ramirez,ST,Minnesota Thunder,26,71
A. Mendy,ST,Girondins de Bordeaux,23,71
C. Sheridan,ST,Jagiellonia Białystok,28,71
Diego Oliveira,ST,Kashiwa Reysol,27,71
F. Macheda,ST,Novara,25,71
Pedro Júnior,ST,Kashima Antlers,30,71
J. Tavares,ST,Dijon FCO,28,71
Flavio Paixão,ST,Lechia Gdańsk,32,71
C. Auzqui,ST,River Plate,26,71
K. Roofe,ST,Leeds United,24,71
M. Coda,ST,Benevento Calcio,28,71
S. Adegbenro,ST,Rosenborg BK,21,71
Cyriac,ST,Medicana Sivasspor,26,71
R. Hennings,ST,Fortuna Düsseldorf,29,71
J. Bamba,ST,AS Saint-Étienne,21,71
I. Dia,ST,Evkur Yeni Malatyaspor,30,71
J. Vaughan,ST,Sunderland,28,71
R. Alioui,ST,Nîmes Olympique,25,71
J. Guerrón,ST,U.N.A.M.,32,71
A. Jahović,ST,Göztepe,30,71
M. Cerato,ST,Club León,29,71
V. Prodell,ST,IF Elfsborg,29,71
P. Velázquez,ST,Necaxa,30,71
Paulinho,ST,SC Braga,24,71
F. Bećiraj,ST,Dinamo Moscow,29,71
Campillo,ST,CD Lugo,26,71
R. Verenas,ST,CD Huachipato,33,71
M. Etame,ST,Alanyaspor,28,71
N. Verdier,ST,KAS Eupen,30,71
K. Sugimoto,ST,Cerezo Osaka,24,71
G. Blanco Leschuk,ST,Shakhtar Donetsk,25,71
T. Hysén,ST,IFK Göteborg,35,71
Lee Jong Ho,ST,Ulsan Hyundai Horang-i,25,71
K. Zohore,ST,Cardiff City,23,71
Cristian López,ST,RC Lens,28,71
C. Pasquato,ST,Legia Warszawa,27,71
C. Menéndez,ST,Tiburones Rojos de Veracruz,29,71
T. Zentena,ST,Everton de Viña del Mar,25,71
S. Diallo,ST,Evkur Yeni Malatyaspor,26,71
P. Iemmello,ST,Benevento Calcio,25,71
E. Herrera,ST,Rangers,28,71
M. Pavlović,ST,Angers SCO,27,71
Z. Sadaev,ST,Terek Grozny,27,71
G. Bergessio,ST,Vélez Sarsfield,32,71
E. Torres,ST,Houston Dynamo,24,71
R. Quioto,ST,Houston Dynamo,25,71
P. Hosiner,ST,1. FC Union Berlin,28,71
S. Polter,ST,1. FC Union Berlin,26,71
F. Klos,ST,DSC Arminia Bielefeld,29,71
T. Pukki,ST,Brøndby IF,27,71
Túlio Sandoiro,ST,Botafogo de Futebol e Regatas,33,71
I. Kiese Thelin,ST,Waasland-Beveren,25,71
D. Bent,ST,Derby County,33,71
F. Fernández,ST,CD America de Cali,25,71
Z. Gano,ST,KV Oostende,23,71
Jung Jo Gook,ST,Gangwon FC,33,71
Borja Valle,ST,RC Deportivo de La Coruña,24,71
F. Jozefzoon,ST,Brentford,26,71
A. Akaichi,ST,Al Ittihad,28,71
G. Courtet,ST,FC Lorient,28,71
Rhayner,ST,Kawasaki Frontale,26,71
L. Ruíz,ST,Boavista FC,21,71
I. Bebou,ST,Hannover 96,23,71
A. Keogh,ST,Perth Glory,31,71
D. Murphy,ST,Nottingham Forest,34,72
N. Ghilas,ST,Göztepe,27,72
N. Pépé,ST,LOSC Lille,22,72
R. Palladino,ST,Genoa,33,72
T. Lawrence,ST,Derby County,23,72
Jonathan Cafú,ST,Girondins de Bordeaux,25,72
Portillo,ST,Getafe CF,27,72
L. Dimata,ST,VfL Wolfsburg,19,72
Pires,ST,Portimonense SC,36,72
Ricardo Valente,ST,CS Marítimo,26,72
R. Žulj,ST,TSG 1899 Hoffenheim,25,72
C. Jerome,ST,Norwich City,30,72
J. Rodríguez,ST,Santos Laguna,23,72
T. Jurić,ST,FC Luzern,25,72
D. Cacia,ST,Cesena,33,72
H. Harbaoui,ST,RSC Anderlecht,32,72
Javi Guerra,ST,Rayo Vallecano,35,72
M. Robak,ST,Śląsk Wrocław,34,72
L. Spalvis,ST,1. FC Kaiserslautern,22,72
G. Denis,ST,Club Atlético Lanús,35,72
C. Gytkjær,ST,Lech Poznań,27,72
J. Rhodes,ST,Sheffield Wednesday,27,72
S. Šćepović,ST,Real Sporting de Gijón,27,72
Rômulo Calsede,ST,Clube Atlético Mineiro,29,72
I. Uche,ST,Gimnàstic de Tarragona,33,72
O. Jonia,ST,Everton de Viña del Mar,25,72
M. Pektemek,ST,Beşiktaş JK,28,72
M. Echeberria,ST,Unión Española,25,72
J. Pohjanpalo,ST,Bayer 04 Leverkusen,22,72
L. Parreses,ST,Deportes Iquique,25,72
L. Albertengo,ST,Independiente,26,72
M. Pavone,ST,Estudiantes de La Plata,35,72
A. Jóhannsson,ST,SV Werder Bremen,26,72
P. Utaka,ST,F.C. Tokyo,33,72
T. Matavž,ST,Vitesse,28,72
L. Veldwijk,ST,FC Groningen,25,72
I. Andriatsima,ST,FC Sochaux-Montbéliard,33,72
Borja Mayoral,ST,Real Madrid CF,20,72
E. Boateng,ST,Levante UD,21,72
M. Barrow,ST,Reading,24,72
Marco Paixão,ST,Lechia Gdańsk,32,72
M. Kramer,ST,Feyenoord,28,72
E. Kachunga,ST,Huddersfield Town,25,72
E. Ponce,ST,LOSC Lille,20,72
R. Ghoochannejhad,ST,SC Heerenveen,29,72
R. Ovelar,ST,CPD Junior Barranquilla,31,72
M. Moreno,ST,Girona CF,20,72
C. Wickham,ST,Crystal Palace,24,72
N. Wells,ST,Burnley,27,72
W. Morelo,ST,Independiente Santa Fe,30,72
M. Lobaño,ST,Deportes Iquique,29,72
L. Kozák,ST,Bari,28,72
D. Avdijaj,ST,FC Schalke 04,20,72
B. Jeannot,ST,Dijon FCO,25,72
B. Stancu,ST,Bursaspor,30,72
M. Duhamel,ST,US Quevilly-Rouen,32,72
P. Granoche,ST,La Spezia,33,72
M. Le Bihan,ST,OGC Nice,27,72
Manu Barreiro,ST,Gimnàstic de Tarragona,30,72
Ángel,ST,Getafe CF,30,72
E. Calaió,ST,Parma,35,72
C. Sapong,ST,Philadelphia Union,28,72
A. Søderlund,ST,AS Saint-Étienne,29,72
L. Cinterio,ST,Deportes Iquique,29,72
T. Hemed,ST,Brighton & Hove Albion,30,72
S. Allagui,ST,FC St. Pauli,31,72
Camilo,ST,Querétaro,28,72
Y. Kermorgant,ST,Reading,35,72
W. Bou,ST,Boca Juniors,23,72
F. Mendy,ST,Jeju United FC,28,72
A. Wooten,ST,SV Sandhausen,27,72
C. Riaño,ST,Necaxa,28,72
L. Fernández,ST,Independiente,26,72
Paulao Junqueiras,ST,Santos Futebol Clube,29,72
Xisco,ST,CA Osasuna,31,72
Crislan,ST,Vegalta Sendai,25,72
Chong Te Se,ST,Shimizu S-Pulse,33,72
B. Balaj,ST,Terek Grozny,26,72
De Tomás,ST,Rayo Vallecano,22,72
D. Selke,ST,Hertha BSC Berlin,22,72
Guedes,ST,Rio Ave FC,30,72
D. Álvarez,ST,La Equidad,35,72
S. Longo,ST,CD Tenerife,25,72
M. Ardemagni,ST,Avellino,30,72
Cristian Lodeira,ST,Cruzeiro,25,72
Maurides,ST,CF Os Belenenses,23,72
K. Lasagna,ST,Udinese,24,72
S. Fletcher,ST,Sheffield Wednesday,30,72
C. Martin,ST,Derby County,28,72
Josué da Feira,ST,Santos Futebol Clube,25,72
Walter Silvieiro,ST,Santos Futebol Clube,25,72
J. Darenova,ST,CD Universidad de Concepción,29,72
C. Nyman,ST,Eintracht Braunschweig,24,72
B. Petković,ST,Bologna,22,72
S. Pellissier,ST,Chievo Verona,38,73
J. Duque,ST,Asociacion Deportivo Cali,30,73
Orlando Sá,ST,Standard de Liège,29,73
S. Perica,ST,Udinese,21,73
D. Florada,ST,Unión Española,33,73
Toché,ST,Real Oviedo,34,73
M. Kanazaki,ST,Kashima Antlers,28,73
M. Rosenberg,ST,Malmö FF,34,73
I. Sarr,ST,Stade Rennais FC,19,73
Oriol Riera,ST,Western Sydney Wanderers,30,73
A. Bukharov,ST,FC Rostov,32,73
M. Gómez,ST,RC Celta de Vigo,20,73
I. Saadi,ST,RC Strasbourg,25,73
O. Kayode,ST,Girona CF,24,73
J. Perbet,ST,KV Kortrijk,32,73
Jorge Molina,ST,Getafe CF,35,73
A. Esswein,ST,Hertha BSC Berlin,27,73
K. Coulibaly,ST,FC Nantes,25,73
N. Bendtner,ST,Rosenborg BK,29,73
A. Rudņevs,ST,1. FC Köln,29,73
A. Rodríguez,ST,Deportes Tolima,28,73
J. Maclaren,ST,SV Darmstadt 98,23,73
I. Mboyo,ST,FC Sion,30,73
Johnathan,ST,Suwon Samsung Bluewings,27,73
K. Ansarifard,ST,Olympiakos CFP,27,73
J. Lucero,ST,Club Tijuana,25,73
M. Al Sahlawi,ST,Al Nassr,30,73
Pietrson Mendes,ST,Associação Chapecoense de Futebol,33,73
F. Diedhiou,ST,Bristol City,24,73
Rafael Martins,ST,Vitória Guimarães,28,73
L. Castaignos,ST,Vitesse,24,73
Mateus,ST,Boavista FC,33,73
J. Correa,ST,Sevilla FC,22,73
G. Fernández,ST,Estudiantes de La Plata,33,73
M. Bolaños,ST,Club Tijuana,27,73
B. Assombalonga,ST,Middlesbrough,24,73
M. Urruti,ST,FC Dallas,26,73
D. Ciofani,ST,Frosinone,31,73
J. Furch,ST,Santos Laguna,27,73
G. Laborde,ST,Girondins de Bordeaux,23,73
A. Petagna,ST,Atalanta,22,73
F. Santander,ST,FC København,26,73
W. Weghorst,ST,AZ Alkmaar,24,73
N. Stojiljković,ST,Kayserispor,24,73
M. Samatta,ST,KRC Genk,24,73
J. Cabot,ST,FC Lorient,23,73
A. Cornelius,ST,Atalanta,24,73
C. Larin,ST,Orlando City Soccer Club,22,73
F. Zampedri,ST,Rosario Central,29,73
G. McCleary,ST,Reading,30,73
D. Dwyer,ST,Orlando City Soccer Club,26,73
A. Rosina,ST,Salernitana,33,73
U. Đurđević,ST,Olympiakos CFP,23,73
D. Ballega,ST,CD Universidad de Concepción,33,73
I. Sylla,ST,Queens Park Rangers,26,73
Edinho,ST,Vitória Setúbal,34,73
S. Romero,ST,Club América,28,73
G. Hooper,ST,Sheffield Wednesday,29,73
F. Melchiorri,ST,Cagliari,30,73
J. Plata,ST,Real Salt Lake,25,73
M. Sylla,ST,KAA Gent,23,73
J. Benítez,ST,Monterrey,24,73
K. Sigþórsson,ST,FC Nantes,27,73
A. del Valle,ST,CD Los Millionarios Bogota,28,73
Leandro Vivenço,ST,Sociedade Esportiva Palmeiras,29,73
J. Arango,ST,CD Once Caldas Manizales,26,73
G. Murray,ST,Brighton & Hove Albion,33,73
Evandro Rochedo,ST,Associação Atlética Ponte Preta,33,73
A. Bouhaddouz,ST,FC St. Pauli,30,73
O. Estupiñán,ST,Vitória Guimarães,20,73
B. Peñena,ST,Universidad Católica,29,73
F. Adi,ST,Portland Timbers,26,73
N. Füllkrug,ST,Hannover 96,24,73
L. Janson,ST,Club Atlético Tigre,22,73
Bueno,ST,FC Porto,29,73
I. Success,ST,Watford,21,73
N. Roux,ST,FC Metz,29,73
J. Mbakogu,ST,Carpi,24,73
M. Antenucci,ST,Ferrara (SPAL),32,73
T. Abraham,ST,Swansea City,19,73
Paulinho,ST,Cremonese,31,73
Álvaro,ST,RCD Espanyol,26,73
B. Afobe,ST,Bournemouth,24,74
H. Rodallega,ST,Trabzonspor,31,74
David Rodríguez,ST,CA Osasuna,31,74
J. Kembo-Ekoko,ST,Bursaspor,29,74
Élton,ST,Al Qadisiyah,31,74
A. Miranchuk,ST,Lokomotiv Moscow,21,74
D. Vera,ST,Colon de Santa Fe,32,74
M. Erdinç,ST,İstanbul Başakşehir FK,30,74
Hélton Celanova,ST,Botafogo de Futebol e Regatas,25,74
D. Čop,ST,Standard de Liège,27,74
Jadson Vidigal,ST,Sociedade Esportiva Palmeiras,25,74
A. Erokhin,ST,Zenit St. Petersburg,27,74
F. Ayité,ST,Fulham,28,74
E. Triverio,ST,Racing Club de Avellaneda,28,74
S. Gakpé,ST,Amiens SC Football,30,74
M. Radović,ST,Legia Warszawa,33,74
F. Pereyra,ST,Necaxa,29,74
R. Gestede,ST,Middlesbrough,28,74
I. Maksimov,ST,Arsenal Tula,30,74
S. Araujo,ST,AEK Athens,25,74
N. Karelis,ST,KRC Genk,25,74
Guerrero,ST,CD Leganés,26,74
B. Berisha,ST,Melbourne Victory,31,74
Léo Bonatini,ST,Wolverhampton Wanderers,23,74
Y. Seleznyov,ST,Kardemir Karabükspor,31,74
S. Armenteros,ST,Benevento Calcio,27,74
P. Crouch,ST,Stoke City,36,74
D. Machís,ST,Granada CF,24,74
C. Jean,ST,Toulouse FC,21,74
Ivan Cavaleiro,ST,Wolverhampton Wanderers,23,74
E. Crivelli,ST,Angers SCO,22,74
P. Lasogga,ST,Leeds United,25,74
I. Scocco,ST,River Plate,32,74
D. Falcinelli,ST,Sassuolo,26,74
M. López,ST,Udinese,33,74
G. Carrillo,ST,AS Monaco,26,74
M. Caraglio,ST,Club Atlas,28,74
Suk Hyun Jun,ST,ES Troyes AC,26,74
M. Konaté,ST,Amiens SC Football,24,74
G. Karadeniz,ST,Rubin Kazan,37,74
D. Stracqualursi,ST,Club Atlético Tigre,29,74
D. Lezcano,ST,FC Ingolstadt 04,27,74
K. Panchenko,ST,Dinamo Moscow,27,74
L. Depoitre,ST,Huddersfield Town,28,74
J. Schieber,ST,Hertha BSC Berlin,28,74
Fábio Sturgeon,ST,Vitória Guimarães,23,74
K. Kamara,ST,New England Revolution,32,74
F. Jara,ST,Pachuca,28,74
P. Mpoku,ST,Standard de Liège,25,74
S. Aluko,ST,Reading,28,74
E. Ünal,ST,Villarreal CF,20,74
M. Leye,ST,KAS Eupen,34,74
Bobô,ST,Sydney FC,32,74
Y. Mollo,ST,Fulham,27,74
Nélson Oliveira,ST,Norwich City,25,74
A. Niane,ST,ES Troyes AC,24,74
S. Privat,ST,En Avant de Guingamp,27,74
F. Uribe,ST,Deportivo Toluca,29,74
T. Touré,ST,Angers SCO,23,74
Kim Shin Wook,ST,Jeonbuk Hyundai Motors,29,74
Miguel Rosa,ST,CF Os Belenenses,28,74
C. Obasi,ST,AIK Solna,31,74
H. Seferović,ST,SL Benfica,25,74
E. Cerutti,ST,San Lorenzo de Almagro,25,74
Kléber,ST,Estoril Praia,27,74
J. Gustaldo,ST,Universidad Católica,25,74
M. Janko,ST,Sparta Praha,34,74
T. Bifouma,ST,Medicana Sivasspor,25,74
C. Sortomayrés,ST,Universidad de Chile,25,74
M. Larrondo,ST,River Plate,28,74
A. Plata,ST,Independiente Santa Fe,26,74
L. Ulloa,ST,Leicester City,30,74
T. Usami,ST,Fortuna Düsseldorf,25,74
R. Mora,ST,River Plate,29,74
L. Mchedlidze,ST,Empoli,27,74
I. Santini,ST,SM Caen,28,74
L. Traoré,ST,Amiens SC Football,27,74
G. Sio,ST,Montpellier Hérault SC,28,75
O. Kamara,ST,Columbus Crew SC,27,75
S. García,ST,Godoy Cruz,26,75
Luimo Boas Santos,ST,Clube Atlético Mineiro,29,75
Nicholas Aldair,ST,Sport Club do Recife,25,75
J. Landiso,ST,Unión Española,25,75
B. Wright-Phillips,ST,New York Red Bulls,32,75
C. Wilson,ST,Bournemouth,25,75
F. Mora,ST,Cruz Azul,23,75
A. Hassan,ST,SC Braga,24,75
R. Babel,ST,Beşiktaş JK,30,75
Bruno Moreira,ST,FC Paços de Ferreira,29,75
Fernandão,ST,Fenerbahçe SK,30,75
M. Livaja,ST,AEK Athens,23,75
A. Hernández,ST,Hull City,26,75
H. Villalba,ST,Atlanta United FC,22,75
D. Damjanović,ST,FC Seoul,35,75
J. Calleri,ST,UD Las Palmas,23,75
L. Griffiths,ST,Celtic,26,75
Joselu,ST,Newcastle United,27,75
F. Di Santo,ST,FC Schalke 04,28,75
D. Sakho,ST,West Ham United,27,75
M. Maccarone,ST,Brisbane Roar,37,75
Caiuby,ST,FC Augsburg,28,75
E. Derdiyok,ST,Galatasaray SK,29,75
C. Wood,ST,Burnley,25,75
Ailton Guevara,ST,Clube Atlético Mineiro,25,75
S. Marveaux,ST,FC Lorient,31,75
D. Gayle,ST,Newcastle United,26,75
G. Rivas,ST,Al Hilal,28,75
M. Martins,ST,,30,75
Welthon,ST,FC Paços de Ferreira,25,75
O. Kharbin,ST,Al Hilal,23,75
F. Kamano,ST,Girondins de Bordeaux,21,75
R. Borré,ST,River Plate,21,75
O. Niasse,ST,Everton,27,75
Alex Alegría,ST,Levante UD,24,75
D. Ginczek,ST,VfB Stuttgart,26,75
B. Wood,ST,Hamburger SV,24,75
K. Iheanacho,ST,Leicester City,20,75
G. Shibasaki,ST,Getafe CF,25,75
J. Kodjia,ST,Aston Villa,27,75
E. Gigliotti,ST,Independiente,30,75
S. Floccari,ST,Ferrara (SPAL),35,75
A. Szalai,ST,TSG 1899 Hoffenheim,29,75
A. Mitrović,ST,Newcastle United,22,75
R. Inglese,ST,Chievo Verona,25,75
Kike García,ST,SD Eibar,27,75
M. Dembélé,ST,Celtic,20,75
M. Suárez,ST,Belgrano de Córdoba,29,75
A. Cambrillo,ST,CD O'Higgins,29,75
L. Lereas,ST,Universidad Católica,25,75
R. van Wolfswinkel,ST,FC Basel,28,75
Y. Kubo,ST,KAA Gent,23,75
C. Pavón,ST,Boca Juniors,21,75
O. Toivonen,ST,Toulouse FC,30,75
F. Đorđević,ST,Lazio,29,75
Samu García,ST,Levante UD,27,75
I. Ezekiel,ST,Atiker Konyaspor,23,75
F. Borini,ST,Milan,26,76
M. Destro,ST,Bologna,26,76
A. Paloschi,ST,Ferrara (SPAL),27,76
O. Peralta,ST,Club América,33,76
N. Nikolić,ST,Chicago Fire Soccer Club,29,76
R. Ábila,ST,Club Atlético Huracán,27,76
J. Rodriguez,ST,West Bromwich Albion,27,76
E. Puch,ST,Pachuca,30,76
R. Berić,ST,RSC Anderlecht,26,76
J. Vossen,ST,Club Brugge KV,28,76
B. Fornaroli,ST,Melbourne City,29,76
S. Vokes,ST,Burnley,27,76
N. Petersen,ST,SC Freiburg,28,76
M. Lestienne,ST,Rubin Kazan,25,76
D. Ings,ST,Liverpool,24,76
A. Finnbogason,ST,FC Augsburg,28,76
Agirretxe,ST,Real Sociedad,30,76
S. Berahino,ST,Stoke City,23,76
S. Long,ST,Southampton,30,76
R. Meggiorini,ST,Chievo Verona,31,76
S. Kießling,ST,Bayer 04 Leverkusen,33,76
Éder,ST,Lokomotiv Moscow,29,76
L. Diony,ST,AS Saint-Étienne,24,76
Y. Mutō,ST,1. FSV Mainz 05,24,76
R. Ruidíaz,ST,Monarcas Morelia,26,76
E. Paredes,ST,,36,76
Daniel Podence,ST,Sporting CP,21,76
Mariano,ST,Olympique Lyonnais,23,76
G. Lapadula,ST,Genoa,27,76
A. Delort,ST,Toulouse FC,25,76
F. Niederlechner,ST,SC Freiburg,26,76
F. Ferreyra,ST,Shakhtar Donetsk,26,76
Y. Poulsen,ST,RB Leipzig,23,76
D. Cvitanich,ST,Banfield,33,76
D. Moreno,ST,Atletico Nacional Medellin,31,76
M. Boselli,ST,Club León,32,76
G. Pazzini,ST,Hellas Verona,32,76
N. Castillo,ST,U.N.A.M.,24,76
A. Matri,ST,Sassuolo,32,76
Dyego Sousa,ST,SC Braga,27,76
Roger,ST,Levante UD,26,76
S. Mounié,ST,Huddersfield Town,22,76
K. Babacar,ST,Fiorentina,24,76
L. de Jong,ST,PSV,26,76
J. Altidore,ST,Toronto FC,27,76
I. Sosa,ST,Tigres U.A.N.L.,30,76
K. Huntelaar,ST,Ajax,33,77
N. Redmond,ST,Southampton,23,77
S. Okazaki,ST,Leicester City,31,77
Sergio León,ST,Real Betis Balompié,28,77
L. Pavoletti,ST,Cagliari,28,77
L. Rémy,ST,UD Las Palmas,30,77
E. Choupo-Moting,ST,Stoke City,28,77
G. Hoarau,ST,BSC Young Boys,33,77
P. De Blasis,ST,1. FSV Mainz 05,29,77
N. Blandi,ST,San Lorenzo de Almagro,27,77
Jesé,ST,Stoke City,24,77
A. Gray,ST,Watford,26,77
V. Janssen,ST,Fenerbahçe SK,23,77
C. Théréau,ST,Fiorentina,34,77
J. Córdoba,ST,1. FC Köln,24,77
P. Schick,ST,Roma,21,77
O. Trejo,ST,Rayo Vallecano,29,77
Diogo Jota,ST,Wolverhampton Wanderers,20,77
S. Azmoun,ST,Rubin Kazan,22,77
Rui Fonte,ST,Fulham,27,77
S. Okaka,ST,Watford,27,77
S. Terodde,ST,VfB Stuttgart,29,77
F. Caicedo,ST,Lazio,28,77
Sandro,ST,Everton,21,77
S. Haller,ST,Eintracht Frankfurt,23,77
Charles,ST,SD Eibar,33,77
M. Sabitzer,ST,RB Leipzig,23,78
V. Aboubakar,ST,FC Porto,25,78
J. Guidetti,ST,RC Celta de Vigo,25,78
L. Teodorczyk,ST,RSC Anderlecht,26,78
E. Sala,ST,FC Nantes,26,78
R. Jiménez,ST,SL Benfica,26,78
J. Martínez,ST,Atlanta United FC,24,78
O. Al Soma,ST,Al Ahli,28,78
D. Benedetto,ST,Boca Juniors,27,78
D. Zapata,ST,Sampdoria,26,78
Rafa,ST,SL Benfica,24,78
A. Sanabria,ST,Real Betis Balompié,21,78
R. Funes Mori,ST,Monterrey,26,78
André Silva,ST,Milan,21,78
A. Ruiz,ST,Sporting CP,23,78
T. Gutiérrez,ST,CPD Junior Barranquilla,32,78
M. Niang,ST,Torino,22,78
L. López,ST,Racing Club de Avellaneda,34,78
C. Austin,ST,Southampton,27,78
Rafa,ST,SL Benfica,24,78
C. Tosun,ST,Beşiktaş JK,26,78
B. Yılmaz,ST,Trabzonspor,31,78
Y. Gourcuff,ST,Stade Rennais FC,30,78
M. Borriello,ST,Ferrara (SPAL),35,78
M. Ruben,ST,Rosario Central,30,78
A. Dzyuba,ST,Zenit St. Petersburg,28,78
Borja Bastón,ST,Málaga CF,24,78
J. Guidetti,ST,RC Celta de Vigo,25,78
R. Palacio,ST,Bologna,35,78
R. Funes Mori,ST,Monterrey,26,78
V. Aboubakar,ST,FC Porto,25,78
O. Al Soma,ST,Al Ahli,28,78
M. Sabitzer,ST,RB Leipzig,23,78
J. Farfán,ST,Lokomotiv Moscow,32,78
Paco Alcácer,ST,FC Barcelona,23,79
Soares,ST,FC Porto,26,79
F. Andone,ST,RC Deportivo de La Coruña,24,79
B. Traoré,ST,Olympique Lyonnais,21,79
L. Vietto,ST,Atlético Madrid,23,79
A. Milik,ST,Napoli,23,79
Zé Luís,ST,Spartak Moscow,26,79
N. Jørgensen,ST,Feyenoord,26,79
G. dos Santos,ST,LA Galaxy,28,79
W. Bony,ST,Swansea City,28,79
Jonathas,ST,Hannover 96,28,79
G. Bou,ST,Club Tijuana,27,79
S. Wagner,ST,TSG 1899 Hoffenheim,29,79
Bojan,ST,Deportivo Alavés,26,79
A. Gyan,ST,Kayserispor,31,79
B. Gomis,ST,Galatasaray SK,31,79
Negredo,ST,Beşiktaş JK,31,79
M. Gabbiadini,ST,Southampton,25,79
M. Batshuayi,ST,Chelsea,23,80
V. Germain,ST,Olympique de Marseille,27,80
Sergi Enrich,ST,SD Eibar,27,80
L. Muriel,ST,Sevilla FC,26,80
S. Rondón,ST,West Bromwich Albion,27,80
V. Ibišević,ST,Hertha BSC Berlin,32,80
D. Welbeck,ST,Arsenal,26,80
T. Walcott,ST,Arsenal,28,80
S. Kalou,ST,Hertha BSC Berlin,31,80
J. Defoe,ST,Bournemouth,34,80
F. Smolov,ST,FC Krasnodar,27,80
Gabriel Jesus,ST,Manchester City,20,81
J. Vardy,ST,Leicester City,30,81
S. Zaza,ST,Valencia CF,26,81
W. Ben Yedder,ST,Sevilla FC,26,81
N. Kalinić,ST,Milan,29,81
Lucas Pérez,ST,RC Deportivo de La Coruña,28,81
K. Mitroglou,ST,Olympique de Marseille,29,81
H. Ben Arfa,ST,Paris Saint-Germain,30,81
A. Gignac,ST,Tigres U.A.N.L.,31,81
W. Rooney,ST,Everton,31,81
Fernando Torres,ST,Atlético Madrid,33,81
S. Eto'o,ST,Antalyaspor,36,81
C. Benteke,ST,Crystal Palace,26,81
H. Son,ST,Tottenham Hotspur,24,82
I. Slimani,ST,Leicester City,29,82
N. Fekir,ST,Olympique Lyonnais,23,82
K. Baldé Diao,ST,AS Monaco,22,82
A. Martial,ST,Manchester United,21,82
C. Bacca,ST,Villarreal CF,30,82
Willian José,ST,Real Sociedad,25,82
T. Werner,ST,RB Leipzig,21,82
M. Balotelli,ST,OGC Nice,26,82
O. Giroud,ST,Arsenal,30,82
J. Hernández,ST,West Ham United,29,82
D. Sturridge,ST,Liverpool,27,82
C. Vela,ST,Real Sociedad,28,82
M. Gómez,ST,VfL Wolfsburg,31,82
Raffael,ST,Borussia Mönchengladbach,32,82
David Villa,ST,New York City Football Club,35,82
C. Immobile,ST,Lazio,27,82
K. Gameiro,ST,Atlético Madrid,30,83
S. Giovinco,ST,Toronto FC,30,83
B. Dost,ST,Sporting CP,28,83
A. Belotti,ST,Torino,23,83
K. Mbappé,ST,Paris Saint-Germain,18,83
M. Icardi,ST,Inter,24,84
E. Džeko,ST,Roma,31,84
Morata,ST,Chelsea,24,84
A. Gómez,ST,Atalanta,29,84
Aduriz,ST,Athletic Club de Bilbao,36,84
Falcao,ST,AS Monaco,31,84
A. Lacazette,ST,Arsenal,26,85
K. Benzema,ST,Real Madrid CF,29,86
D. Mertens,ST,Napoli,30,86
Diego Costa,ST,Chelsea,28,86
T. Müller,ST,FC Bayern Munich,27,86
R. Lukaku,ST,Manchester United,24,86
H. Kane,ST,Tottenham Hotspur,23,86
E. Cavani,ST,Paris Saint-Germain,30,87
P. Aubameyang,ST,Borussia Dortmund,28,88
P. Dybala,ST,Juventus,23,88
Z. Ibrahimović,ST,Manchester United,35,88
S. Agüero,ST,Manchester City,29,89
G. Higuaín,ST,Juventus,29,90
R. Lewandowski,ST,FC Bayern Munich,28,91
L. Suárez,ST,FC Barcelona,30,92
Cristiano Ronaldo,ST,Real Madrid CF,32,94
